-- phpMyAdmin SQL Dump
-- version 3.2.4
-- http://www.phpmyadmin.net
--
-- Host: localhost
-- Generation Time: Sep 08, 2013 at 07:21 PM
-- Server version: 5.1.41
-- PHP Version: 5.3.1

SET SQL_MODE="NO_AUTO_VALUE_ON_ZERO";


/*!40101 SET @OLD_CHARACTER_SET_CLIENT=@@CHARACTER_SET_CLIENT */;
/*!40101 SET @OLD_CHARACTER_SET_RESULTS=@@CHARACTER_SET_RESULTS */;
/*!40101 SET @OLD_COLLATION_CONNECTION=@@COLLATION_CONNECTION */;
/*!40101 SET NAMES utf8 */;

--
-- Database: `bl`
--

-- --------------------------------------------------------

--
-- Table structure for table `msexpo`
--

CREATE TABLE IF NOT EXISTS `msexpo` (
  `ExpoID` int(11) NOT NULL AUTO_INCREMENT,
  `TanggalExpo` char(10) NOT NULL,
  `Batas` int(11) NOT NULL,
  PRIMARY KEY (`ExpoID`)
) ENGINE=MyISAM  DEFAULT CHARSET=latin1 AUTO_INCREMENT=8 ;

--
-- Dumping data for table `msexpo`
--

INSERT INTO `msexpo` (`ExpoID`, `TanggalExpo`, `Batas`) VALUES
(1, '2013/07/14', 400),
(2, '2013/07/21', 350),
(3, '2013/07/28', 350),
(4, '2013/09/01', 400),
(5, '2013/09/08', 400);

-- --------------------------------------------------------

--
-- Table structure for table `msjadwal`
--

CREATE TABLE IF NOT EXISTS `msjadwal` (
  `JadwalID` int(11) NOT NULL AUTO_INCREMENT,
  `TanggalID` int(11) NOT NULL,
  `ShiftID` int(11) NOT NULL,
  PRIMARY KEY (`JadwalID`)
) ENGINE=MyISAM  DEFAULT CHARSET=latin1 AUTO_INCREMENT=31 ;

--
-- Dumping data for table `msjadwal`
--

INSERT INTO `msjadwal` (`JadwalID`, `TanggalID`, `ShiftID`) VALUES
(1, 1, 3),
(2, 1, 5),
(3, 1, 6),
(4, 2, 3),
(5, 2, 5),
(0, 0, 0),
(6, 2, 6),
(7, 4, 3),
(8, 4, 5),
(9, 5, 5),
(10, 5, 6);

-- --------------------------------------------------------

--
-- Table structure for table `msruang`
--

CREATE TABLE IF NOT EXISTS `msruang` (
  `RuangID` int(11) NOT NULL AUTO_INCREMENT,
  `Ruang` char(3) NOT NULL,
  `Available` varchar(50) NOT NULL,
  `Sisa` int(11) NOT NULL,
  PRIMARY KEY (`RuangID`)
) ENGINE=MyISAM  DEFAULT CHARSET=latin1 AUTO_INCREMENT=53 ;

--
-- Dumping data for table `msruang`
--

INSERT INTO `msruang` (`RuangID`, `Ruang`, `Available`, `Sisa`) VALUES
(1, 'L1A', '1', 6),
(2, 'L1B', '1', 5),
(3, 'L1C', '1', 12),
(4, 'L1D', '1', 40),
(5, 'K1C', '1', 60),
(6, 'L1A', '2', 9),
(7, 'L1B', '2', 8),
(8, 'L1C', '2', 49),
(9, 'L1D', '2', 60),
(10, 'K1C', '2', 60),
(11, 'L1A', '3', 59),
(12, 'L1B', '3', 60),
(13, 'L1C', '3', 60),
(14, 'L1D', '3', 60),
(15, 'K1C', '3', 60),
(19, 'L1A', '4', 0),
(16, 'N/A', '0', 191),
(20, 'L1B', '4', 8),
(21, 'L1C', '4', 60),
(22, 'L1D', '4', 60),
(25, 'L1A', '5', 10),
(24, 'K1C', '4', 60),
(26, 'L1B', '5', 60),
(27, 'L1C', '5', 60),
(28, 'L1D', '5', 60),
(29, 'K1C', '5', 60),
(41, 'L1D', '6', 59),
(40, 'L1C', '6', 60),
(39, 'L1B', '6', 60),
(38, 'L1A', '6', 60),
(42, 'K1C', '6', 60),
(43, 'L3A', '7', 1),
(44, 'L3B', '7', 3),
(45, 'L3C', '7', 60),
(46, 'L3A', '8', 1),
(47, 'L3B', '8', 57),
(48, 'L3C', '8', 60),
(49, 'A', '9', 20),
(50, 'B', '9', 60),
(51, 'A', '10', 36),
(52, 'B', '10', 60);

-- --------------------------------------------------------

--
-- Table structure for table `msshift`
--

CREATE TABLE IF NOT EXISTS `msshift` (
  `ShiftID` int(11) NOT NULL AUTO_INCREMENT,
  `Waktu` char(11) NOT NULL,
  PRIMARY KEY (`ShiftID`)
) ENGINE=MyISAM  DEFAULT CHARSET=latin1 AUTO_INCREMENT=7 ;

--
-- Dumping data for table `msshift`
--

INSERT INTO `msshift` (`ShiftID`, `Waktu`) VALUES
(1, '09:00-12:00'),
(2, '13:00-16:00'),
(0, 'Tidak ada'),
(3, '09:00-11:00'),
(4, '11:00-13:00'),
(5, '13:00-15:00'),
(6, '15:00-17:00');

-- --------------------------------------------------------

--
-- Table structure for table `mstanggal`
--

CREATE TABLE IF NOT EXISTS `mstanggal` (
  `TanggalID` int(11) NOT NULL AUTO_INCREMENT,
  `Tanggal` char(10) NOT NULL,
  PRIMARY KEY (`TanggalID`)
) ENGINE=MyISAM  DEFAULT CHARSET=latin1 AUTO_INCREMENT=6 ;

--
-- Dumping data for table `mstanggal`
--

INSERT INTO `mstanggal` (`TanggalID`, `Tanggal`) VALUES
(1, '29/07/2013'),
(2, '30/07/2013'),
(0, 'Tidak ada'),
(4, '07/09/2013'),
(5, '16/09/2013');

-- --------------------------------------------------------

--
-- Table structure for table `msuser`
--

CREATE TABLE IF NOT EXISTS `msuser` (
  `UserID` int(11) NOT NULL AUTO_INCREMENT,
  `Username` varchar(26) NOT NULL,
  `Password` char(32) NOT NULL,
  PRIMARY KEY (`UserID`)
) ENGINE=MyISAM  DEFAULT CHARSET=latin1 AUTO_INCREMENT=32 ;

--
-- Dumping data for table `msuser`
--

INSERT INTO `msuser` (`UserID`, `Username`, `Password`) VALUES
(1, 'admin', '21232f297a57a5a743894a0e4a801fc3'),
(27, 'bncc1', '940a7e91a5c567e8705f1aa70343f699'),
(28, 'bncc2', 'a728c0df4c7c1998b29b65bff2d628d5'),
(29, 'bncc3', '3c6011b9d27ad4fc4576a888b7e751a0'),
(30, 'cis', 'f9180cb9286c49c4f3a6c793798b9ddf'),
(31, 'cis2', 'eea1937b1da40db17d0da4b510d40287');

-- --------------------------------------------------------

--
-- Table structure for table `trbl`
--

CREATE TABLE IF NOT EXISTS `trbl` (
  `ID` int(11) NOT NULL AUTO_INCREMENT,
  `NoTiket` varchar(10) NOT NULL,
  `NIM` varchar(11) NOT NULL,
  `Nama` varchar(50) NOT NULL,
  `NoHP` varchar(20) NOT NULL,
  `Email` varchar(30) NOT NULL,
  `UkuranBaju` varchar(6) NOT NULL,
  `DapatBaju` char(5) NOT NULL,
  `Kampus` varchar(26) NOT NULL,
  `JadwalID` int(11) NOT NULL,
  `RuangID` int(11) NOT NULL,
  `TanggalDaftar` char(10) NOT NULL,
  `Catat` varchar(32) NOT NULL,
  `Via` varchar(10) NOT NULL,
  PRIMARY KEY (`ID`),
  UNIQUE KEY `NIM` (`NIM`),
  KEY `ID` (`ID`),
  KEY `ID_2` (`ID`)
) ENGINE=MyISAM  DEFAULT CHARSET=latin1 AUTO_INCREMENT=810 ;

--
-- Dumping data for table `trbl`
--

INSERT INTO `trbl` (`ID`, `NoTiket`, `NIM`, `Nama`, `NoHP`, `Email`, `UkuranBaju`, `DapatBaju`, `Kampus`, `JadwalID`, `RuangID`, `TanggalDaftar`, `Catat`, `Via`) VALUES
(1, 'BL-1', '1701294354', 'daniel dwidjayanto', '08128338366', 'dwidjayantodaniel@yahoo.com', 'L', 'Sudah', 'Kemanggisan', 1, 1, '2013/07/14', 'bncc01', 'Desktop'),
(2, 'BL-2', '1701292273', 'Sarah', '081905945173', 'jigoku_chou@live.com', 'S', 'Sudah', 'Kemanggisan', 1, 1, '2013/07/14', 'cis', 'Desktop'),
(3, 'BL-3', '1701293111', 'Marcelouis Widharma', '083875681330', 'mc_lous@yahoo.co.id', 'XL', 'Sudah', 'Kemanggisan', 1, 1, '2013/07/14', 'bncc03', 'Desktop'),
(4, 'BL-4', '1701305181', 'Reynard Eka Wijaya', '081319391834', 'alishinraeil@gmail.com', 'M', 'Sudah', 'Kemanggisan', 1, 1, '2013/07/14', 'bncc01', 'Desktop'),
(5, 'BL-5', '1701291825', 'Maysia', '081288538685', 'm.garaddiel@yahoo.com', 'M', 'Sudah', 'Kemanggisan', 1, 1, '2013/07/14', 'cis', 'Desktop'),
(6, 'BL-6', '1701302886', 'Bernard', '087777134781', 'bernard_luck777@yahoo.com', 'L', 'Sudah', 'Kemanggisan', 0, 16, '2013/07/14', 'bncc01', 'Desktop'),
(7, 'BL-7', '1701296050', 'Angeline Putri', '082111249520', 'darmawan806@gmail.com', 'M', 'Sudah', 'Kemanggisan', 1, 1, '2013/07/14', 'cis', 'Desktop'),
(8, 'BL-8', '1701293351', 'Andre Jonathan', '081807210181', 'andre.jonathan20@yahoo.com', 'XL', 'Sudah', 'Kemanggisan', 1, 1, '2013/07/14', 'bncc03', 'Desktop'),
(9, 'BL-9', '1701292765', 'Lewis', '08998362215', 'lewisloofis@yahoo.com', 'L', 'Sudah', 'Kemanggisan', 5, 25, '2013/07/14', 'cis', 'Desktop'),
(10, 'BL-10', '1701294026', 'Yohannes Yobel Budiman', '083871509995', 'dd11cr7@yahoo.com', 'XL', 'Sudah', 'Kemanggisan', 1, 1, '2013/07/14', 'bncc03', 'Desktop'),
(11, 'BL-11', '1701301914', 'Rhesa Jonathan', '085287018527', 'Rhesajonathan@outlook.com', 'S', 'Sudah', 'Kemanggisan', 2, 7, '2013/07/14', 'cis', 'Desktop'),
(12, 'BL-12', '1701296725', 'Riady', '08998490888', 'riadyadi12@gmail.com', 'L', 'Sudah', 'Kemanggisan', 2, 6, '2013/07/14', 'bncc01', 'Desktop'),
(13, 'BL-13', '1701294032', 'edwin handy jaya', '085883849684', 'edwin.handy@hotmail.com', 'XL', 'Sudah', 'Kemanggisan', 1, 1, '2013/07/14', 'bncc02', 'Desktop'),
(14, 'BL-14', '1701290431', 'Senjaya Kalim', '085281436694', 'platinum.knight19@gmail.com', 'L', 'Sudah', 'Kemanggisan', 2, 6, '2013/07/14', 'cis', 'Desktop'),
(15, 'BL-15', '1701293490', 'Patrick Aditya', '085780143378', 'patrick_blaze@rocketmail.com', 'XL', 'Sudah', 'Kemanggisan', 2, 7, '2013/07/14', 'bncc03', 'Desktop'),
(16, 'BL-16', '1701302236', 'Mesakh Dwiputra', '085921847145', 'mes_haptims@yahoo.com', 'L', 'Sudah', 'Kemanggisan', 2, 6, '2013/07/14', 'bncc01', 'Desktop'),
(17, 'BL-17', '1701307136', 'Yobel Aji Wibowo', '083874380707', 'yobelajiw@gmail.com', 'XL', 'Sudah', 'Kemanggisan', 1, 1, '2013/07/14', 'bncc02', 'Desktop'),
(18, 'BL-18', '1701294316', 'Nicky Pratama Putra', '085319008086', 'takayama99@yahoo.com', 'L', 'Sudah', 'Kemanggisan', 1, 1, '2013/07/14', 'bncc03', 'Desktop'),
(19, 'BL-19', '1701296864', 'Michael', '08998062477', 'mike_junior95@yahoo.co.id', 'M', 'Sudah', 'Kemanggisan', 2, 6, '2013/07/14', 'bncc01', 'Desktop'),
(20, 'BL-20', '1701292185', 'Nicolaus Cahyadi', '083876566644', 'nicolauscahyadi@gmail.com', 'L', 'Sudah', 'Kemanggisan', 1, 1, '2013/07/14', 'cis', 'Desktop'),
(21, 'BL-21', '1701308183', 'stanley joshua', '082131288234', 'stanleyjoshua70@gmail.com', 'S', 'Sudah', 'Kemanggisan', 1, 1, '2013/07/14', 'bncc02', 'Desktop'),
(22, 'BL-22', '1701301492', 'Intan Pertiwi', '08176000099', 'ipsubiatma@gmail.com', 'S', 'Sudah', 'Kemanggisan', 1, 1, '2013/07/14', 'cis', 'Desktop'),
(23, 'BL-23', '1701289871', 'Kevin Alvino', '081385986160', 'kevinxhunter_007@hotmail.com', 'XL', 'Sudah', 'Kemanggisan', 1, 1, '2013/07/14', 'bncc03', 'Desktop'),
(24, 'BL-24', '1701342403', 'Alfian Nurcholish', '081315075445', 'alfiannurcholish@gmail.com', 'L', 'Sudah', 'Kemanggisan', 1, 3, '2013/07/14', 'cis', 'Desktop'),
(25, 'BL-25', '1701297305', 'Aristo Leonardo', '08989824365', 'aristo_ryo95@yahoo.com', 'M', 'Sudah', 'Kemanggisan', 2, 6, '2013/07/14', 'bncc01', 'Desktop'),
(26, 'BL-26', '1701325731', 'prasetio abidin', '089653349739', 'pras.abidin@yahoo.com', 'S', 'Sudah', 'Kemanggisan', 1, 1, '2013/07/14', 'bncc02', 'Desktop'),
(27, 'BL-27', '1701295224', 'Putu Gede Wiranjana', '085888699978', 'pgwira8@gmail.com', 'L', 'Sudah', 'Kemanggisan', 1, 1, '2013/07/14', 'bncc03', 'Desktop'),
(28, 'BL-28', '1701297570', 'Bernard Goriawan', '087875006161', 'bgoriawan@gmail.com', 'S', 'Sudah', 'Kemanggisan', 2, 6, '2013/07/14', 'bncc01', 'Desktop'),
(29, 'BL-29', '1701347354', 'muhammad fardi hardiansal', '085774261277', 'fardihardiansal@yahoo.co.id', 'M', 'Sudah', 'Kemanggisan', 1, 1, '2013/07/14', 'cis', 'Desktop'),
(30, 'BL-30', '1701327264', 'Wahyu Bagus Pratama', '083897760400', 'wahyubagusp@gmail.com', 'M', 'Sudah', 'Kemanggisan', 1, 1, '2013/07/14', 'bncc02', 'Desktop'),
(31, 'BL-31', '1701296694', 'Baskara Erlangga', '08988517317', 'baskaraerlangga@ymail.com', 'M', 'Sudah', 'Kemanggisan', 1, 1, '2013/07/14', 'cis', 'Desktop'),
(32, 'BL-32', '1701307905', 'briand osvaldo', '085775420827', 'sepatubutu12@gmail.com', 'L', 'Sudah', 'Kemanggisan', 1, 1, '2013/07/14', 'bncc01', 'Desktop'),
(33, 'BL-33', '1701293912', 'Michael Ardhyanto', '08179805580', 'morita_taiki_kun@yahoo.com', 'XXL', 'Sudah', 'Kemanggisan', 1, 1, '2013/07/14', 'bncc03', 'Desktop'),
(34, 'BL-34', '1701299014', 'oktafransdy taryaka', '087876940707', 'oktafransdy@gmail.com', 'L', 'Sudah', 'Kemanggisan', 2, 6, '2013/07/14', 'cis', 'Desktop'),
(35, 'BL-35', '1701307653', 'Nicholas Andrian Surjadi', '08978338727', 'nich_1310@yahoo.com', 'XXL', 'Sudah', 'Kemanggisan', 1, 1, '2013/07/14', 'bncc01', 'Desktop'),
(36, 'BL-36', '1701297772', 'Teofilus Candra Yulianto', '081905513322', 'teofilux@hotmail.com', 'M', 'Sudah', 'Kemanggisan', 1, 1, '2013/07/14', 'bncc02', 'Desktop'),
(37, 'BL-37', '1701298711', 'Benedict Zabdiel', '085778343919', 'benedict825@yahoo.com', 'L', 'Sudah', 'Kemanggisan', 2, 6, '2013/07/14', 'cis', 'Desktop'),
(38, 'BL-38', '1701294801', 'Gobin Andika', '082110328888', 'gobinandikaa@yahoo.com', 'M', 'Sudah', 'Kemanggisan', 0, 16, '2013/07/14', 'bncc02', 'Desktop'),
(39, 'BL-39', '1701309993', 'Anastasia Christabel Vanderlee', '081808561870', 'tasya.lee@yahoo.com.sg', 'L', 'Sudah', 'Kemanggisan', 0, 16, '2013/07/14', 'bncc01', 'Desktop'),
(40, 'BL-40', '1701302305', 'Tommy Hartono', '087880088489', 'bboy_tomhart@yahoo.com', 'L', 'Sudah', 'Kemanggisan', 4, 19, '2013/07/14', 'bncc03', 'Desktop'),
(41, 'BL-41', '1701299166', 'edward adi', '085770862407', 'yacobedward@ymail.com', 'L', 'Sudah', 'Kemanggisan', 1, 1, '2013/07/14', 'bncc02', 'Desktop'),
(42, 'BL-42', '1701292752', 'George Marco Alvin', '089696769748', 'georgealvin@ymail.com', 'M', 'Sudah', 'Kemanggisan', 1, 1, '2013/07/14', 'cis', 'Desktop'),
(43, 'BL-43', '1701307810', 'christine kurniawan', '083813658757', 'xttine_xxuhoxx@yahoo.co.id', 'S', 'Sudah', 'Kemanggisan', 1, 1, '2013/07/14', 'bncc01', 'Desktop'),
(44, 'BL-44', '1701301441', 'kevin caesar', '08567610554', 'kevin.caesar9@yahoo.com', 'L', 'Sudah', 'Kemanggisan', 5, 25, '2013/07/14', 'bncc03', 'Desktop'),
(45, 'BL-45', '1701298075', 'anthony theodore', '081573561777', 'theodore_anthony95@yahoo.com', 'XL', 'Sudah', 'Kemanggisan', 5, 25, '2013/07/14', 'cis', 'Desktop'),
(46, 'BL-46', '1701301782', 'Charles Sutanto', '08999047636', 'charl_zuth@yahoo.com', 'L', 'Sudah', 'Kemanggisan', 1, 1, '2013/07/14', 'bncc02', 'Desktop'),
(47, 'BL-47', '1701305780', 'intan kartika prabowo', '085775956434', 'aurora.sky10@yahoo.com', 'S', 'Sudah', 'Kemanggisan', 0, 16, '2013/07/14', 'bncc01', 'Desktop'),
(48, 'BL-48', '1701297993', 'Steven Anthony', '089625244169', 'stevenmashima@gmail.com', 'L', 'Sudah', 'Kemanggisan', 5, 25, '2013/07/14', 'bncc03', 'Desktop'),
(49, 'BL-49', '1701301776', 'Hendrikus Andrianto', '089653935558', 'hendarkflame@gmail.com', 'XL', 'Sudah', 'Kemanggisan', 1, 1, '2013/07/14', 'bncc02', 'Desktop'),
(50, 'BL-50', '1701295810', 'Meita Sunarso', '087889292299', 'maidlatte@yahoo.com', 'L', 'Sudah', 'Kemanggisan', 2, 6, '2013/07/14', 'cis', 'Desktop'),
(51, 'BL-51', '1701307754', 'cipta wijaya hon', '08997482931', 'virgo.mae94@yahoo.com', 'L', 'Sudah', 'Kemanggisan', 1, 1, '2013/07/14', 'bncc01', 'Desktop'),
(52, 'BL-52', '1701301662', 'Marko', '085691183000', 'dark_enermous@yahoo.com', 'L', 'Sudah', 'Kemanggisan', 1, 1, '2013/07/14', 'bncc03', 'Desktop'),
(53, 'BL-53', '1701309210', 'anderson', '081319111110', 'andersonsusanto@yahoo.com', 'L', 'Sudah', 'Kemanggisan', 1, 1, '2013/07/14', 'cis', 'Desktop'),
(54, 'BL-54', '1701298333', 'hermawan kuncoro', '08999012060', 'mawan_coll5@yahoo.com', 'XL', 'Sudah', 'Kemanggisan', 5, 25, '2013/07/14', 'bncc02', 'Desktop'),
(55, 'BL-55', '1701290690', 'angga kusuma putra', '081311099265', 'anggakusuma425@yahoo.com', 'XL', 'Sudah', 'Kemanggisan', 1, 1, '2013/07/14', 'bncc01', 'Desktop'),
(56, 'BL-56', '1701309702', 'Marga Tendestu Mardjuki', '083894359160', 'marga_darkvadenz@yahoo.com', 'XL', 'Sudah', 'Kemanggisan', 4, 19, '2013/07/14', 'cis', 'Desktop'),
(57, 'BL-57', '1701292701', 'winardi fertian', '089652889052', 'winardif@yahoo.co.id', 'XL', 'Sudah', 'Kemanggisan', 5, 25, '2013/07/14', 'bncc02', 'Desktop'),
(58, 'BL-58', '1701289543', 'yufen charles', '02194949750', 'yufen.charles@yahoo.com', 'M', 'Sudah', 'Kemanggisan', 2, 6, '2013/07/14', 'bncc03', 'Desktop'),
(59, 'BL-59', '1701345595', 'Andhika Ridhovani', '085780060460', 'andhikaridhovani@gmail.com', 'L', 'Sudah', 'Kemanggisan', 0, 16, '2013/07/14', 'bncc01', 'Desktop'),
(60, 'BL-60', '1701308896', 'Samuel Andrian Kurnia', '08978554399', 'samuelandrian95@yahoo.com', 'M', 'Sudah', 'Kemanggisan', 4, 19, '2013/07/14', 'cis', 'Desktop'),
(61, 'BL-61', '1701292960', 'Raynaldho', '087877261994', 'raynaldho@gmail.com', 'M', 'Sudah', 'Kemanggisan', 2, 6, '2013/07/14', 'bncc03', 'Desktop'),
(62, 'BL-62', '1701292531', 'Andry Hamida', '087877415610', 'andryshadow@yahoo.com', 'L', 'Sudah', 'Kemanggisan', 2, 6, '2013/07/14', 'bncc02', 'Desktop'),
(63, 'BL-63', '1701294114', 'Giovanni Reinard', '081298983779', 'giovanni.reinard@gmail.com', 'M', 'Sudah', 'Kemanggisan', 2, 6, '2013/07/14', 'cis', 'Desktop'),
(64, 'BL-64', '1701305212', 'Hans kristianto', '08979081049', 'Hans.kristianto@yahoo.co.id', 'M', 'Sudah', 'Kemanggisan', 4, 19, '2013/07/14', 'bncc01', 'Desktop'),
(65, 'BL-65', '1701309280', 'Dennis Agustinus', '085697171731', 'Dennisagustinus1@gmail.com', 'XXL', 'Sudah', 'Kemanggisan', 2, 6, '2013/07/14', 'bncc03', 'Desktop'),
(66, 'BL-66', '1701297375', 'Bryan Arista', '08999111009', 'bryanarista@windowslive.com', 'M', 'Sudah', 'Kemanggisan', 0, 16, '2013/07/14', 'bncc01', 'Desktop'),
(67, 'BL-67', '1701301100', 'Yohanes Sismarga', '08998922296', 'sismarga94@gmail.com', 'M', 'Sudah', 'Kemanggisan', 2, 6, '2013/07/14', 'bncc02', 'Desktop'),
(68, 'BL-68', '1701297526', 'Felix Rukanda', '08998162041', 'hack.this_email@yahoo.com', 'M', 'Sudah', 'Kemanggisan', 2, 6, '2013/07/14', 'cis', 'Desktop'),
(69, 'BL-69', '1701304872', 'justin', '081905253707', 'cloudz_122@yahoo.com', 'M', 'Sudah', 'Kemanggisan', 4, 19, '2013/07/14', 'cis', 'Desktop'),
(70, 'BL-70', '1701296675', 'Ian Kurniadi ', '08170231995', 'ian_kurniadi@yahoo.com', 'XXL', 'Sudah', 'Kemanggisan', 2, 6, '2013/07/14', 'bncc01', 'Desktop'),
(71, 'BL-71', '1701346364', 'Serafica Alamanda', '081283752828', 'seraficaalamanda@gmail.com', 'S', 'Sudah', 'Kemanggisan', 2, 6, '2013/07/14', 'bncc02', 'Desktop'),
(72, 'BL-72', '1701296454', 'Elmo Tanu Miharja', '081908302910', 'momokun95@gmail.com', 'L', 'Sudah', 'Kemanggisan', 2, 6, '2013/07/14', 'bncc01', 'Desktop'),
(73, 'BL-73', '1701296605', 'Edwin Ramana', '089638313547', 'edwin_ramana@yahoo.co.id', 'M', 'Sudah', 'Kemanggisan', 4, 19, '2013/07/14', 'bncc03', 'Desktop'),
(74, 'BL-74', '1701323202', 'akhmad sudrajat', '081288006734', 'ahmad_ajat@yahoo.com', 'L', 'Sudah', 'Kemanggisan', 4, 19, '2013/07/14', 'cis', 'Desktop'),
(75, 'BL-75', '1701298270', 'Elvira Pratiwi', '089653575195', 'lvra_895@yahoo.com', 'M', 'Sudah', 'Kemanggisan', 2, 6, '2013/07/14', 'bncc02', 'Desktop'),
(76, 'BL-76', '1701293300', 'Sezi dwi sagarianti', '087768639024', 'sezi.sez@hotmail.co.id', 'S', 'Sudah', 'Kemanggisan', 1, 4, '2013/07/14', 'cis', 'Desktop'),
(77, 'BL-77', '1701292456', 'Jeremy Octavian', '081318333825', 'j_octavian@ymail.com', 'M', 'Sudah', 'Kemanggisan', 4, 19, '2013/07/14', 'bncc03', 'Desktop'),
(78, 'BL-78', '1701294423', 'Olivia Rusli', '08998865855', 'oliv_olivia_rusli@ymail.com', 'S', 'Sudah', 'Kemanggisan', 1, 4, '2013/07/14', 'bncc01', 'Desktop'),
(79, 'BL-79', '1701292866', 'riyn winesdyo winarko', '085780054942', 'riynwines@gmail.com', 'S', 'Sudah', 'Kemanggisan', 2, 6, '2013/07/14', 'cis', 'Desktop'),
(80, 'BL-80', '1701303491', 'Michael Saputra', '089637210176', 'michael.saputra@gmail.com', 'L', 'Sudah', 'Kemanggisan', 4, 19, '2013/07/14', 'bncc01', 'Desktop'),
(81, 'BL-81', '1701294436', 'Gregorius Erico Napis', '083872933011', 'gregorius.e89@gmail.com', 'L', 'Sudah', 'Kemanggisan', 2, 6, '2013/07/14', 'bncc02', 'Desktop'),
(82, 'BL-82', '1701300035', 'Eka', '081289989599', 'theeka1st@gmail.com', 'M', 'Sudah', 'Kemanggisan', 4, 19, '2013/07/14', 'bncc03', 'Desktop'),
(83, 'BL-83', '1701307350', 'Kemiko Setiawan', '081298045695', 'Setiawankemiko@gmail.com', 'S', 'Sudah', 'Kemanggisan', 4, 19, '2013/07/14', 'bncc01', 'Desktop'),
(84, 'BL-84', '1701340985', 'Billy Lukito', '082182562072', 'sorvator12@hotmail.com', 'M', 'Sudah', 'Kemanggisan', 5, 25, '2013/07/14', 'cis', 'Desktop'),
(85, 'BL-85', '1701307975', 'Rico Harlinto', '083811596800', 'rico_bebz@yahoo.com', 'L', 'Sudah', 'Kemanggisan', 2, 6, '2013/07/14', 'bncc02', 'Desktop'),
(86, 'BL-86', '1701303075', 'Steven', '081283107889', 'steven_sealoverz@yahoo.com', 'L', 'Sudah', 'Kemanggisan', 4, 20, '2013/07/14', 'bncc03', 'Desktop'),
(87, 'BL-87', '1701298352', 'cevin denny stiawan', '083873874254', 'cevinstiawan@gmail.com', 'XL', 'Sudah', 'Kemanggisan', 4, 19, '2013/07/14', 'cis', 'Desktop'),
(88, 'BL-88', '1701304600', 'maria stephanie novina gunawan', '081908812228', 'novinapattelmo@yahoo.com', 'S', 'Sudah', 'Kemanggisan', 2, 6, '2013/07/14', 'bncc02', 'Desktop'),
(89, 'BL-89', '1701297141', 'Luciana Melvina', '081219900392', 'lucianamelvina@yahoo.com', 'XL', 'Sudah', 'Kemanggisan', 5, 25, '2013/07/14', 'bncc01', 'Desktop'),
(90, 'BL-90', '1701344200', 'oktavia firmansyah', '085245686255', 'oktaviahuang@gmaill.com', 'S', 'Sudah', 'Kemanggisan', 5, 25, '2013/07/14', 'cis', 'Desktop'),
(91, 'BL-91', '1701291043', 'Chyntia Dewanti', '087888600782', 'ruth_chyntia21@yahoo.com', 'S', 'Sudah', 'Kemanggisan', 2, 6, '2013/07/14', 'bncc03', 'Desktop'),
(92, 'BL-92', '1701301555', 'Sheryn Rosari', '08111002633', 'sheryn_rosari@yahoo.com', 'S', 'Sudah', 'Kemanggisan', 1, 1, '2013/07/14', 'bncc02', 'Desktop'),
(93, 'BL-93', '1701312760', 'ChristyantoTjhandra', '08158890926', 'tjchris30@yahoo.com', 'XXL', 'Sudah', 'Kemanggisan', 4, 19, '2013/07/14', 'cis', 'Desktop'),
(94, 'BL-94', '1701326583', 'meliana wulandari', '089633871899', 'melz_hyaer@yahoo.com', 'S', 'Sudah', 'Kemanggisan', 2, 6, '2013/07/14', 'bncc01', 'Desktop'),
(95, 'BL-95', '1701307565', 'Ikhsan Ratdytio', '085781494844', 'ikhsanratdityo@yahoo.co.id', 'M', 'Sudah', 'Kemanggisan', 2, 6, '2013/07/14', 'bncc02', 'Desktop'),
(96, 'BL-96', '1701292462', 'Maria Desi Puspita Sari', '083872086100', 'madejun95@rocketmail.com', 'M', 'Sudah', 'Kemanggisan', 2, 6, '2013/07/14', 'bncc03', 'Desktop'),
(97, 'BL-97', '1701323625', 'valleria devita teddy', '081995406806', 'valleria_d@yahoo.com', 'S', 'Sudah', 'Kemanggisan', 0, 16, '2013/07/14', 'cis', 'Desktop'),
(98, 'BL-98', '1701300092', 'charlie kheneldy', '085319745585', 'charlie.kheneldy@yahoo.com', 'M', 'Sudah', 'Kemanggisan', 1, 3, '2013/07/14', 'bncc01', 'Desktop'),
(99, 'BL-99', '1701291213', 'Brandon Christian T', '08999471767', 'brandonct94@gmail.com', 'XL', 'Sudah', 'Kemanggisan', 5, 25, '2013/07/14', 'bncc02', 'Desktop'),
(100, 'BL-100', '1701297690', 'gery adams', '083897755734', 'gery.dam95@gmail.com', 'M', 'Sudah', 'Kemanggisan', 0, 16, '2013/07/14', 'bncc03', 'Desktop'),
(101, 'BL-101', '1701302532', 'Nathan Erickson', '083898697394', 'nathan.0049@yahoo.com', 'L', 'Sudah', 'Kemanggisan', 4, 19, '2013/07/14', 'cis', 'Desktop'),
(102, 'BL-102', '1701296536', 'chandra manuel', '085772272730', 'argyris_chan@yahoo.co.id', 'L', 'Sudah', 'Kemanggisan', 5, 25, '2013/07/14', 'bncc02', 'Desktop'),
(103, 'BL-103', '1701290394', 'RYANDY BAGHASKORO', '081298983973', 'ryandbaghaskoro@gmail.com', 'XL', 'Sudah', 'Kemanggisan', 2, 6, '2013/07/14', 'bncc01', 'Desktop'),
(104, 'BL-104', '1701300911', 'Troy Lie', '089617722294', 'troyas123@ymail.com', 'L', 'Sudah', 'Kemanggisan', 2, 6, '2013/07/14', 'cis', 'Desktop'),
(105, 'BL-105', '1701298951', 'SAMUEL', '085710565985', 'samuel_charz@yahoo.com', 'M', 'Sudah', 'Kemanggisan', 4, 19, '2013/07/14', 'bncc03', 'Desktop'),
(106, 'BL-106', '1701298705', 'alfonsus dwanda', '089636195195', 'alfon.rama@yahoo.co.id', 'L', 'Sudah', 'Kemanggisan', 2, 6, '2013/07/14', 'cis', 'Desktop'),
(107, 'BL-107', '1701303200', 'Daniel Shinama Putra', '085888332102', 'Dannroachtavish@gmail.com', 'M', 'Sudah', 'Kemanggisan', 4, 19, '2013/07/14', 'bncc03', 'Desktop'),
(108, 'BL-108', '1701310906', 'yosie aprilianto', '085291593776', 'yosiea8@gmail.com', 'L', 'Sudah', 'Kemanggisan', 1, 3, '2013/07/14', 'bncc01', 'Desktop'),
(109, 'BL-109', '1701293944', 'Ricky Constantine', '085693469699', 'constantine_rickz@hotmail.com', 'M', 'Sudah', 'Kemanggisan', 4, 19, '2013/07/14', 'bncc02', 'Desktop'),
(110, 'BL-110', '1701296870', 'welly tanjaya chandra', '08978631663', 'welly_chandra@ymail.com', 'XL', 'Sudah', 'Kemanggisan', 2, 6, '2013/07/14', 'bncc03', 'Desktop'),
(111, 'BL-111', '1701305105', 'Kurnia Budiman Yusuf', '081931480020', 'v4yneatelier@gmail.com', 'M', 'Sudah', 'Kemanggisan', 2, 6, '2013/07/14', 'bncc02', 'Desktop'),
(112, 'BL-112', '1701306335', 'verawati', '087886313277', 'febeverawaty@yahoo.co.id', 'L', 'Sudah', 'Kemanggisan', 2, 6, '2013/07/14', 'bncc01', 'Desktop'),
(113, 'BL-113', '1701292790', 'Rizky Fitriandini', '087888363212', 'andini_rzky@yahoo.co.id', 'M', 'Sudah', 'Kemanggisan', 1, 1, '2013/07/14', 'cis', 'Desktop'),
(114, 'BL-114', '1701291636', 'angelina', '08999809385', 'angel_ang@rocketmail.com', 'L', 'Sudah', 'Kemanggisan', 1, 1, '2013/07/14', 'cis', 'Desktop'),
(115, 'BL-115', '1701353501', 'M.KAIBAR ANGGAREKSA', '08975180310', 'anggareksa12@yahoo.com', 'L', 'Sudah', 'Kemanggisan', 4, 20, '2013/07/14', 'bncc01', 'Desktop'),
(116, 'BL-116', '1701299323', 'Niluh Putu Devita Sari', '081283925344', 'niluh.devita@yahoo.co.id', 'M', 'Sudah', 'Kemanggisan', 1, 1, '2013/07/14', 'cis', 'Desktop'),
(117, 'BL-117', '1701295754', 'Andre Juniardi', '081510020095', 'dastardian@yahoo.com', 'L', 'Sudah', 'Kemanggisan', 4, 19, '2013/07/14', 'bncc02', 'Desktop'),
(118, 'BL-118', '1701302406', 'Risti Risanti', '087872228069', 'ririri@rocketmail.com', 'S', 'Sudah', 'Kemanggisan', 5, 25, '2013/07/14', 'bncc03', 'Desktop'),
(119, 'BL-119', '1701298056', 'Eliane Valerie Dilabestari', '081310257029', 'dila.bestari@yahoo.com', 'L', 'Sudah', 'Kemanggisan', 1, 1, '2013/07/14', 'cis', 'Desktop'),
(120, 'BL-120', '1701295035', 'rahmat kurniawan', '081261251502', 'kurniawanrahmattt@gmail.com', 'L', 'Sudah', 'Kemanggisan', 3, 11, '2013/07/14', 'bncc01', 'Desktop'),
(121, 'BL-121', '1701304550', 'Yeremia Satria S', '089668178710', 'yeremiasatria22@gmail.com', 'S', 'Sudah', 'Kemanggisan', 2, 6, '2013/07/14', 'bncc02', 'Desktop'),
(122, 'BL-122', '1701300842', 'I Gusti Ngurah Putu Adriana', '087882061769', 'adrianputuzzz@gmail.com', 'XL', 'Sudah', 'Kemanggisan', 2, 6, '2013/07/14', 'cis', 'Desktop'),
(123, 'BL-123', '1701295123', 'william', '089637462366', 'william_chen95@yahoo.com', 'M', 'Sudah', 'Kemanggisan', 2, 6, '2013/07/14', 'bncc03', 'Desktop'),
(124, 'BL-124', '1701296776', 'kevin', '085312722175', 'kevinmakmurr22@yahoo.com', 'M', 'Sudah', 'Kemanggisan', 2, 6, '2013/07/14', 'bncc01', 'Desktop'),
(125, 'BL-125', '1701301076', 'Wendy', '08998777983', 'lamorute@live.com', 'S', 'Sudah', 'Kemanggisan', 2, 6, '2013/07/14', 'bncc02', 'Desktop'),
(126, 'BL-126', '1701294852', 'catherine surya pangestu', '085718826659', 'catherinesuryapangestu@gmail.c', 'L', 'Sudah', 'Kemanggisan', 0, 16, '2013/07/14', 'cis', 'Desktop'),
(127, 'BL-127', '1701289833', 'Silverius Daniel', '081905842820', 'wijonodaniel@yahoo.com', 'M', 'Sudah', 'Kemanggisan', 4, 19, '2013/07/14', 'bncc01', 'Desktop'),
(128, 'BL-128', '1701291674', 'Reynaldi', '081808265555', 'reynaldi_yusmita@yahoo.co.id', 'L', 'Sudah', 'Kemanggisan', 2, 6, '2013/07/14', 'cis', 'Desktop'),
(129, 'BL-129', '1701300363', 'Rudy', '081284516289', 'rudy_stealth_rebels@yahoo.com', 'XL', 'Sudah', 'Kemanggisan', 2, 6, '2013/07/14', 'bncc02', 'Desktop'),
(130, 'BL-130', '1701289940', 'Calvyn Julian', '085313748838', 'list.black32@yahoo.com', 'XL', 'Sudah', 'Kemanggisan', 2, 6, '2013/07/14', 'cis', 'Desktop'),
(131, 'BL-131', '1701293976', 'CHRISTIAN HANDOKO', '081994097088', 'christian.h4ndoko@yahoo.com', 'M', 'Sudah', 'Kemanggisan', 4, 19, '2013/07/14', 'bncc01', 'Desktop'),
(132, 'BL-132', '1701307571', 'kelvin', '087770126677', 'kelvin_niciren@yahoo.com', 'M', 'Sudah', 'Kemanggisan', 5, 25, '2013/07/14', 'bncc02', 'Desktop'),
(133, 'BL-133', '1701297980', 'Mee Ling', '085781269693', 'meelingelf@gmail.com', 'S', 'Sudah', 'Kemanggisan', 2, 6, '2013/07/14', 'cis', 'Desktop'),
(134, 'BL-134', '1701293591', 'Andrien', '081298995794', 'f_andrien@yahoo.co.id', 'M', 'Sudah', 'Kemanggisan', 4, 19, '2013/07/14', 'bncc01', 'Desktop'),
(135, 'BL-135', '1701301201', 'nicholas', '082125558007', 'nicholass_surya@yahoo.co.id', 'L', 'Sudah', 'Kemanggisan', 5, 25, '2013/07/14', 'cis', 'Desktop'),
(136, 'BL-136', '1701289902', 'Yemmy Tezzen', '08988809510', 'jemz_L@yahoo.com', 'M', 'Sudah', 'Kemanggisan', 4, 20, '2013/07/14', 'bncc02', 'Desktop'),
(137, 'BL-137', '1701307382', 'Juni Fara', '08979555464', 'junifara@gmail.com', 'L', 'Sudah', 'Kemanggisan', 4, 19, '2013/07/14', 'bncc01', 'Desktop'),
(138, 'BL-138', '1701290204', 'benyamin sujoyo', '081932953690', 'drako_benyamin@yahoo.com', 'L', 'Sudah', 'Kemanggisan', 0, 16, '2013/07/14', 'bncc03', 'Desktop'),
(139, 'BL-139', '1701296523', 'aron tandeo', '08982695177', 'arontandeo@rocketmail.com', 'L', 'Sudah', 'Kemanggisan', 4, 19, '2013/07/14', 'cis', 'Desktop'),
(140, 'BL-140', '1701304784', 'Emily', '087775587768', 'emily.gozali@gmail.com', 'M', 'Sudah', 'Kemanggisan', 4, 19, '2013/07/14', 'bncc01', 'Desktop'),
(141, 'BL-141', '1701296460', 'Eric Marvin', '08999873969', 'marvineric95@live.com', 'L', 'Sudah', 'Kemanggisan', 4, 19, '2013/07/14', 'bncc03', 'Desktop'),
(142, 'BL-142', '1701305061', 'Audrey Marita Tean', '083898134911', 'audreymarita@gmail.com', 'S', 'Sudah', 'Kemanggisan', 4, 19, '2013/07/14', 'bncc01', 'Desktop'),
(143, 'BL-143', '1701290923', 'Fransiska Suhendra', '08998760874', 'fransiska.suhendra@yahoo.com', 'S', 'Sudah', 'Kemanggisan', 0, 16, '2013/07/14', 'cis', 'Desktop'),
(144, 'BL-144', '1701315384', 'kevin', '081317448473', 'kevin_congek@yahoo.com', 'L', 'Sudah', 'Kemanggisan', 4, 19, '2013/07/14', 'bncc02', 'Desktop'),
(145, 'BL-145', '1701304323', 'Ivan Yoshua', '08980024861', 'yoshuaivan@yahoo.com', 'L', 'Sudah', 'Kemanggisan', 4, 19, '2013/07/14', 'bncc01', 'Desktop'),
(146, 'BL-146', '1701331343', 'Lukas Budiman', '085885558695', 'lukasb95@hotmail.com', 'M', 'Sudah', 'Kemanggisan', 2, 6, '2013/07/14', 'cis', 'Desktop'),
(147, 'BL-147', '1701300451', 'Kenny Andreas', '089654916057', 'keniuuu@hotmail.com', 'M', 'Sudah', 'Kemanggisan', 4, 20, '2013/07/14', 'bncc01', 'Desktop'),
(148, 'BL-148', '1701303005', 'Ruby Ling', '08999939250', 'rubyling576@yahoo.com', 'S', 'Sudah', 'Kemanggisan', 2, 6, '2013/07/14', 'bncc03', 'Desktop'),
(149, 'BL-149', '1701297362', 'Adrian Lie Hadisusetyo', '087729846619', 'adrian.lie.94@gmail.com', 'XL', 'Sudah', 'Kemanggisan', 1, 1, '2013/07/14', 'bncc02', 'Desktop'),
(150, 'BL-150', '1701334830', 'Bimo Eka Saputra', '081513268155', 'Bimo.Blastranger@gmail.com', 'L', 'Sudah', 'Kemanggisan', 2, 6, '2013/07/14', 'cis', 'Desktop'),
(151, 'BL-151', '1701344844', 'adisa khrisma p', '085790541095', 'adisa_adis@yahoo.com', 'S', 'Sudah', 'Kemanggisan', 2, 6, '2013/07/14', 'bncc01', 'Desktop'),
(152, 'BL-152', '1701350090', 'nurul azizah yuniati', '085692867321', 'nurulazizahy@ymail.com', 'S', 'Sudah', 'Kemanggisan', 2, 6, '2013/07/14', 'bncc01', 'Desktop'),
(153, 'BL-153', '1701310894', 'qadri mar akbar', '081317989937', 'qadrimen@gmail.com', 'M', 'Sudah', 'Kemanggisan', 4, 19, '2013/07/14', 'bncc02', 'Desktop'),
(154, 'BL-154', '1701306575', 'andreas setiawan', '083875640939', 'andreas.set@hotmail.com', 'M', 'Sudah', 'Kemanggisan', 4, 19, '2013/07/14', 'bncc03', 'Desktop'),
(155, 'BL-155', '1701298131', 'Hendi Kusuma', '081808046961', 'uvhymew@gmail.com', 'S', 'Sudah', 'Kemanggisan', 2, 8, '2013/07/14', 'cis', 'Desktop'),
(156, 'BL-156', '1701344825', 'sofyan prasetyo', '089653940113', 'sofyanprasetyo@gmail.com', 'L', 'Sudah', 'Kemanggisan', 2, 7, '2013/07/14', 'bncc01', 'Desktop'),
(157, 'BL-157', '1701296113', 'Rendy Renaldi', '089626314519', 'rendyrenald@yahoo.com', 'M', 'Sudah', 'Kemanggisan', 6, 41, '2013/07/14', 'bncc02', 'Desktop'),
(158, 'BL-158', '1701298163', 'Tata suharta', '08988029760', 'tata_yogz@yahoo.co.id', 'M', 'Sudah', 'Kemanggisan', 2, 8, '2013/07/14', 'cis', 'Desktop'),
(159, 'BL-159', '1701302854', 'Advan', '08995142823', 'advan_lie@yahoo.com', 'L', 'Sudah', 'Kemanggisan', 2, 7, '2013/07/14', 'bncc03', 'Desktop'),
(160, 'BL-160', '1701302091', 'Arif Rahman Ibrahim', '081517292898', 'ongkaqrif@gmail.com', 'L', 'Sudah', 'Kemanggisan', 0, 16, '2013/07/14', 'bncc02', 'Desktop'),
(161, 'BL-161', '1701299405', 'ivan richardo', '087876773910', 'richardo.ivan@gmail.com', 'M', 'Sudah', 'Kemanggisan', 1, 1, '2013/07/14', 'bncc02', 'Desktop'),
(162, 'BL-162', '1701300691', 'brillian Gotama Putra', '081315355770', 'brillian_bie27@rocketmail.com', 'M', 'Sudah', 'Kemanggisan', 4, 20, '2013/07/14', 'bncc01', 'Desktop'),
(163, 'BL-163', '1701296845', 'Roberto Gustinov', '081905650307', 'berto_dancer@yahoo.com', 'M', 'Sudah', 'Kemanggisan', 1, 1, '2013/07/14', 'bncc02', 'Desktop'),
(164, 'BL-164', '1701306146', 'yusuf sudiargo', '085716557933', 'ysudiargo2@gmail.com', 'M', 'Sudah', 'Kemanggisan', 4, 19, '2013/07/14', 'bncc03', 'Desktop'),
(165, 'BL-165', '1701344043', 'Rifky Ramadhana', '085778757105', 'Rifkyy_rr@yahoo.com', 'S', 'Sudah', 'Kemanggisan', 4, 19, '2013/07/14', 'cis', 'Desktop'),
(166, 'BL-166', '1701292903', 'ANGELINA ANDRIANI PUTRI', '08998087633', 'jASON_ANDRIANTO@YAHOO.COM', 'L', 'Sudah', 'Kemanggisan', 0, 16, '2013/07/14', 'bncc02', 'Desktop'),
(167, 'BL-167', '1701290835', 'Christian Antonius', '087884962558', 'christ_cardician@icloud.com', 'S', 'Sudah', 'Kemanggisan', 4, 19, '2013/07/14', 'bncc01', 'Desktop'),
(168, 'BL-168', '1701294064', 'Joseph', '087888633762', 'josephsuryadi@yahoo.com', 'M', 'Sudah', 'Kemanggisan', 1, 1, '2013/07/14', 'bncc02', 'Desktop'),
(169, 'BL-169', '1701301795', 'Antonius Patrick', '08999926322', 'antoniuspatrick26@yahoo.com', 'M', 'Sudah', 'Kemanggisan', 4, 19, '2013/07/14', 'bncc03', 'Desktop'),
(170, 'BL-170', '1701302223', 'revin prasetia', '087781853231', 'revinpr@yahoo.com', 'L', 'Sudah', 'Kemanggisan', 1, 4, '2013/07/14', 'bncc03', 'Desktop'),
(171, 'BL-171', '1701301624', 'Edward Anderson', '081314995189', 'edwardanderson1995@gmail.com', 'L', 'Sudah', 'Kemanggisan', 1, 1, '2013/07/14', 'bncc03', 'Desktop'),
(172, 'BL-172', '1701289865', 'Henry Febryan', '085290135781', 'henry_febryan@yahoo.com', 'M', 'Sudah', 'Kemanggisan', 2, 7, '2013/07/14', 'bncc01', 'Desktop'),
(173, 'BL-173', '1701306676', 'Albert Darius', '081319391943', 'superblybonkers@gmail.com', 'XL', 'Sudah', 'Kemanggisan', 1, 1, '2013/07/14', 'bncc03', 'Desktop'),
(174, 'BL-174', '1701346282', 'ryza fitria', '085695597912', 'ryzaftr@yahoo.com', 'M', 'Sudah', 'Kemanggisan', 2, 7, '2013/07/14', 'bncc03', 'Desktop'),
(175, 'BL-175', '1701298560', 'Stella Lie Gunawan', '083893845254', 'akusistella@yahoo.com', 'S', 'Sudah', 'Kemanggisan', 2, 7, '2013/07/14', 'bncc02', 'Desktop'),
(176, 'BL-176', '1701298743', 'Fiona', '085780358195', 'fionafiona_kesuma@hotmail.com', 'S', 'Sudah', 'Kemanggisan', 2, 7, '2013/07/14', 'bncc01', 'Desktop'),
(177, 'BL-177', '1701330196', 'carissa agatha', '08989899315', 'carissagatha@yahoo.com', 'S', 'Sudah', 'Kemanggisan', 2, 7, '2013/07/14', 'bncc03', 'Desktop'),
(178, 'BL-178', '1701297330', 'Ferdinandus Benny Rieky', '087875977369', 'Nguiksibabi@gmail.com', 'S', 'Sudah', 'Kemanggisan', 1, 1, '2013/07/14', 'bncc03', 'Desktop'),
(179, 'BL-179', '1701296044', 'Diana', '085692422340', 'dianadididiana27@yahoo.com', 'S', 'Sudah', 'Kemanggisan', 2, 7, '2013/07/14', 'bncc02', 'Desktop'),
(180, 'BL-180', '1701296214', 'kennardi raharjo nugroho', '081546209209', 'kennardi.raharjo@yahoo.com', 'M', 'Sudah', 'Kemanggisan', 2, 7, '2013/07/14', 'bncc01', 'Desktop'),
(181, 'BL-181', '1701297186', 'wilsen senjaya', '089638109511', 'wils_en@yahoo.com', 'M', 'Sudah', 'Kemanggisan', 2, 7, '2013/07/14', 'bncc03', 'Desktop'),
(182, 'BL-182', '1701290173', 'endy winston', '083807176333', 'endywnstn@gmail.com', 'L', 'Sudah', 'Kemanggisan', 4, 19, '2013/07/14', 'bncc03', 'Desktop'),
(183, 'BL-183', '1701291996', 'cleveri', '08999755595', 'angelacleveri@gmail.com', 'S', 'Sudah', 'Kemanggisan', 5, 25, '2013/07/14', 'bncc01', 'Desktop'),
(184, 'BL-184', '1701297343', 'Albert  Prawono', '085881858906', 'albertxto@gmail.com', 'M', 'Sudah', 'Kemanggisan', 1, 1, '2013/07/14', 'cis', 'Desktop'),
(185, 'BL-185', '1701344592', 'Fuzi Rianto', '087771109535', 'riantofuzi@yahoo.com', 'L', 'Sudah', 'Kemanggisan', 5, 25, '2013/07/14', 'bncc01', 'Desktop'),
(186, 'BL-186', '1701344573', 'Yosua', '085215740990', 'yosspang95@gmail.com', 'L', 'Sudah', 'Kemanggisan', 5, 25, '2013/07/14', 'bncc01', 'Desktop'),
(187, 'BL-187', '1701296391', 'aditya viriyanto salim', '08988256660', 'adit_83@ymail.com', 'XL', 'Sudah', 'Kemanggisan', 5, 25, '2013/07/14', 'bncc02', 'Desktop'),
(188, 'BL-188', '1701301883', 'Andrew Stefanus', '08983026310', 'vnlkidz@yahoo.com', 'L', 'Sudah', 'Kemanggisan', 2, 6, '2013/07/14', 'cis', 'Desktop'),
(189, 'BL-189', '1701345254', 'Joshua Ongawan', '089694523111', 'joshu4_1994@yahoo.com', 'M', 'Sudah', 'Kemanggisan', 2, 7, '2013/07/14', 'bncc01', 'Desktop'),
(190, 'BL-190', '1701305130', 'charles', '083898722771', 'sailent_boy97@yahoo.com', 'M', 'Sudah', 'Kemanggisan', 1, 1, '2013/07/14', 'cis', 'Desktop'),
(191, 'BL-191', '1701298932', 'Juventus Agus Hendri', '083875076005', 'cheeze_donuts@yahoo.com', 'L', 'Sudah', 'Kemanggisan', 2, 7, '2013/07/14', 'cis', 'Desktop'),
(192, 'BL-192', '1701308302', 'bonifasius yudistira', '085710232228', 'bonifasiusy@gmail.com', 'M', 'Sudah', 'Kemanggisan', 2, 7, '2013/07/14', 'bncc02', 'Desktop'),
(193, 'BL-193', '1701313220', 'yonathan', '087880695544', 'mether_lance@yahoo.co.id', 'M', 'Sudah', 'Kemanggisan', 0, 16, '2013/07/14', 'bncc03', 'Desktop'),
(194, 'BL-194', '1701342391', 'Radya Rachmat P.', '02170714591', 'radya_rachmat@yahoo.co.id', 'M', 'Sudah', 'Kemanggisan', 5, 25, '2013/07/14', 'bncc01', 'Desktop'),
(195, 'BL-195', '1701293276', 'Joseph Edward', '08988913539', 'jedwardt2502@gmail.com', 'XL', 'Sudah', 'Kemanggisan', 1, 1, '2013/07/14', 'bncc03', 'Desktop'),
(196, 'BL-196', '1701295722', 'Damenta Teras S', '085312885596', 'damentarass@yahoo.com', 'XL', 'Sudah', 'Kemanggisan', 2, 7, '2013/07/14', 'bncc02', 'Desktop'),
(197, 'BL-197', '1701293616', 'Monika yuliana hartanto', '085641166264', 'florencia_monica18@yahoo.com', 'S', 'Sudah', 'Kemanggisan', 4, 19, '2013/07/14', 'bncc01', 'Desktop'),
(198, 'BL-198', '1701344762', 'olivia cindy kohar', '083893397333', 'oliviacindykohar19@yahoo.com', 'M', 'Sudah', 'Kemanggisan', 1, 1, '2013/07/14', 'bncc03', 'Desktop'),
(199, 'BL-199', '1701295363', 'Ficiela Fernando', '08988908291', 'fly_roket@yahoo.co.id', 'M', 'Belum', 'Kemanggisan', 4, 19, '2013/07/14', 'bncc01', 'Desktop'),
(200, 'BL-200', '1701302772', 'Michael Anthony', '08999920057', 'm_anthony5295@gmail.com', 'L', 'Belum', 'Kemanggisan', 4, 19, '2013/07/14', 'bncc01', 'Desktop'),
(201, 'BL-201', '1701304853', 'galvin andreas', '087876858485', 'andreasgalvin@yahoo.co.id', 'L', 'Sudah', 'Kemanggisan', 1, 1, '2013/07/21', 'bncc01', 'Desktop'),
(202, 'BL-202', '1701296744', 'Edsiano Ricardo Horasio Tambunan', '087770099064', 'edsianoricardo@yahoo.com', 'M', 'Sudah', 'Kemanggisan', 5, 25, '2013/07/21', 'bncc01', 'Desktop'),
(203, 'BL-203', '1701315434', 'Rayhan Ahmad Yuzar', '081311188056', 'rayhan_yuzar@hotmail.com', 'XL', 'Sudah', 'Kemanggisan', 4, 20, '2013/07/21', 'bncc01', 'Desktop'),
(204, 'BL-204', '1701340291', 'deny', '0819995440458', 'deny_ramanda@yahoo.com', 'L', 'Sudah', 'Kemanggisan', 1, 1, '2013/07/21', 'cis', 'Desktop'),
(205, 'BL-205', '1701350140', 'achmad novel m', '085776420847', 'novel.1995@yahoo.com', 'L', 'Sudah', 'Kemanggisan', 1, 1, '2013/07/21', 'bncc01', 'Desktop'),
(206, 'BL-206', '1701333613', 'Ali Ridho', '085716857494', 'aliridho95@yahoo.com', 'M', 'Sudah', 'Kemanggisan', 1, 1, '2013/07/21', 'bncc03', 'Desktop'),
(207, 'BL-207', '1701340354', 'Muhammad Fadi Alfiandi', '08558343776', 'evilcyber4869@yahoo.com', 'XXL', 'Sudah', 'Kemanggisan', 1, 2, '2013/07/21', 'bncc02', 'Desktop'),
(208, 'BL-208', '1701336735', 'Rifqi Arya Yoedhoko', '085692461356', 'rif999@ymail.com', 'XL', 'Sudah', 'Kemanggisan', 1, 2, '2013/07/21', 'cis', 'Desktop'),
(209, 'BL-209', '1701301984', 'Wilson', '087876939572', 'yosuawilsongunawan@yahoo.com', 'M', 'Sudah', 'Kemanggisan', 2, 7, '2013/07/21', 'bncc01', 'Desktop'),
(210, 'BL-210', '1701339320', 'Rona indra lesmana', '085719433516', 'ronal_indra@yahoo.co.id', 'XXL', 'Sudah', 'Kemanggisan', 1, 2, '2013/07/21', 'cis', 'Desktop'),
(211, 'BL-211', '1701306455', 'Arnold Sebastian', '08999163333', 'arnold_sebastian_16@hotmail.co', 'L', 'Sudah', 'Kemanggisan', 2, 7, '2013/07/21', 'bncc02', 'Desktop'),
(212, 'BL-212', '1701310925', 'Ali chaidar', '085711334442', 'alihaidar197@gmail.com', 'M', 'Sudah', 'Kemanggisan', 1, 2, '2013/07/21', 'bncc01', 'Desktop'),
(213, 'BL-213', '1701303106', 'Timothy Adiputra Nugraha', '089653251185', 'temmyaje@rocketmail.com', 'L', 'Sudah', 'Kemanggisan', 2, 7, '2013/07/21', 'bncc03', 'Desktop'),
(214, 'BL-214', '1701333185', 'Firly Anugrah Firdaus', '087876977135', 'firlyanugrah@gmail.com', 'XL', 'Sudah', 'Kemanggisan', 1, 2, '2013/07/21', 'cis', 'Desktop'),
(215, 'BL-215', '1701339176', 'theodore kevin', '087771756447', 'rendezvous6969@gmail.com', 'M', 'Sudah', 'Kemanggisan', 1, 2, '2013/07/21', 'cis', 'Desktop'),
(216, 'BL-216', '1701341501', 'Anthonius Aditya', '083893309328', 'anthoniusaditya@rocketmail.com', 'M', 'Sudah', 'Kemanggisan', 1, 2, '2013/07/21', 'bncc02', 'Desktop'),
(217, 'BL-217', '1701351976', 'steven japardy', '085213331030', 'sjapardy@rocketmail.com', 'M', 'Sudah', 'Kemanggisan', 1, 2, '2013/07/21', 'bncc01', 'Desktop'),
(218, 'BL-218', '1701351383', 'Junne', '085268000030', 'junnelim@yahoo.co.id', 'S', 'Sudah', 'Kemanggisan', 1, 2, '2013/07/21', 'bncc03', 'Desktop'),
(219, 'BL-219', '1701325990', 'Aditya Jiwa Pradipta', '083813440381', 'adityajiwap@gmail.com', 'L', 'Sudah', 'Kemanggisan', 1, 2, '2013/07/21', 'bncc02', 'Desktop'),
(220, 'BL-220', '1701354321', 'Fikri Ahamd Mubarak', '083890272346', 'fikri_ahmad_mubarak@yahoo.com', 'M', 'Sudah', 'Kemanggisan', 1, 1, '2013/07/21', 'cis', 'Desktop'),
(221, 'BL-221', '1701348350', 'Rafi Anis Imam Malik', '087879142382', 'rafi.12ipa4@gmail.com', 'M', 'Sudah', 'Kemanggisan', 1, 1, '2013/07/21', 'bncc01', 'Desktop'),
(222, 'BL-222', '1701324022', 'Muhammad Soleh Fajrin', '083813962266', 'fajrin.dimas3@gmail.com', 'XL', 'Sudah', 'Kemanggisan', 1, 2, '2013/07/21', 'bncc03', 'Desktop'),
(223, 'BL-223', '1701324041', 'Satria Fajar Mahardhika', '081319519092', 'al_basecamp@yahoo.com', 'L', 'Belum', 'Kemanggisan', 4, 19, '2013/07/21', 'cis', 'Desktop'),
(224, 'BL-224', '1701337473', 'Genhart Pardomuan', '08988319834', 'regretlaugh@rocketmail.com', 'XXL', 'Sudah', 'Kemanggisan', 1, 2, '2013/07/21', 'cis', 'Desktop'),
(225, 'BL-225', '1701311266', 'Linardi', '081311445119', 'crozjr@yahoo.com', 'L', 'Sudah', 'Kemanggisan', 1, 2, '2013/07/21', 'bncc01', 'Desktop'),
(226, 'BL-226', '1701311240', 'Nicolas Fernandez', '085608560596', 'kicong.ters@gmail.com', 'M', 'Sudah', 'Kemanggisan', 1, 2, '2013/07/21', 'bncc02', 'Desktop'),
(227, 'BL-227', '1701350960', 'Louis Kurniawan', '087875813399', 'luisk123@yahoo.com', 'M', 'Sudah', 'Kemanggisan', 2, 7, '2013/07/21', 'cis', 'Desktop'),
(228, 'BL-228', '1701308372', 'adzan salman firdaus', '082110200377', 'adzansf14@gmail.com', 'XXL', 'Sudah', 'Kemanggisan', 1, 2, '2013/07/21', 'bncc03', 'Desktop'),
(229, 'BL-229', '1701311253', 'maryanto', '08989803365', 'maryanto227@gmail.com', 'L', 'Sudah', 'Kemanggisan', 4, 20, '2013/07/21', 'bncc01', 'Desktop'),
(230, 'BL-230', '1701311272', 'ivan alwi', '08988349660', 'alwivan@gmail.com', 'M', 'Sudah', 'Kemanggisan', 1, 2, '2013/07/21', 'bncc02', 'Desktop'),
(231, 'BL-231', '1701311285', 'William Putra', '083892034587', 'william.william.putra@gmail.co', 'M', 'Sudah', 'Kemanggisan', 4, 20, '2013/07/21', 'bncc01', 'Desktop'),
(232, 'BL-232', '1701311221', 'paul william', '083872170575', 'pahoelwilliam@yahoo.com', 'M', 'Sudah', 'Kemanggisan', 1, 2, '2013/07/21', 'bncc02', 'Desktop'),
(233, 'BL-233', '1701305585', 'Kevin Antonius Tjio', '085736069145', 'kevinxyzantonius@yahoo.com', 'M', 'Sudah', 'Kemanggisan', 5, 25, '2013/07/21', 'cis', 'Desktop'),
(234, 'BL-234', '1701307256', 'Carlo Naiwan', '081288219696', 'carlonaiwan@yahoo.com', 'L', 'Sudah', 'Kemanggisan', 1, 2, '2013/07/21', 'bncc03', 'Desktop'),
(235, 'BL-235', '1701310843', 'Wilson Budiman', '085747443227', 'xanzxanz@rocketmail.com', 'L', 'Sudah', 'Kemanggisan', 1, 2, '2013/07/21', 'bncc01', 'Desktop'),
(236, 'BL-236', '1701346370', 'Martin Tandean', '087887719777', 'martintan07@gmail.com', 'M', 'Sudah', 'Kemanggisan', 1, 2, '2013/07/21', 'bncc01', 'Desktop'),
(237, 'BL-237', '1701345065', 'Nuzul Rizky Akbar', '083819452024', 'starvonuzul@ymail.com', 'L', 'Sudah', 'Kemanggisan', 1, 2, '2013/07/21', 'bncc02', 'Desktop'),
(238, 'BL-238', '1701322004', 'Fernando Dioni', '081805188314', 'darkdionzz@hotmail.com', 'L', 'Sudah', 'Kemanggisan', 5, 25, '2013/07/21', 'cis', 'Desktop'),
(239, 'BL-239', '1701307262', 'Tori Alvin', '081290460015', 'torialvin82@gmail.com', 'L', 'Sudah', 'Kemanggisan', 1, 2, '2013/07/21', 'bncc03', 'Desktop'),
(240, 'BL-240', '1701304916', 'nickie thomas', '087888008488', 'nickiethomas2@yahoo.com', 'L', 'Sudah', 'Kemanggisan', 1, 2, '2013/07/21', 'bncc01', 'Desktop'),
(241, 'BL-241', '1701345424', 'Rosa Danar Budiarti', '081284932980', 'roseethsa@ymail.com', 'S', 'Sudah', 'Kemanggisan', 1, 2, '2013/07/21', 'bncc02', 'Desktop'),
(242, 'BL-242', '1701306796', 'hillary putri muharyani', '083873403777', 'hillarytkj@ymail.com', 'L', 'Sudah', 'Kemanggisan', 1, 2, '2013/07/21', 'cis', 'Desktop'),
(243, 'BL-243', '1701329471', 'Hadi WiBowo', '081286682834', 'mafia_evil_cyber@hotmail.com', 'XL', 'Sudah', 'Kemanggisan', 2, 7, '2013/07/21', 'bncc03', 'Desktop'),
(244, 'BL-244', '1701335606', 'Rudy Salim', '081886248286', 'rudy_salim_95@yahoo.com', 'S', 'Sudah', 'Kemanggisan', 1, 2, '2013/07/21', 'bncc01', 'Desktop'),
(245, 'BL-245', '1701306890', 'Michelle Lee', '08990062880', 'michelle.widjaja@fmail.com', 'M', 'Sudah', 'Kemanggisan', 2, 7, '2013/07/21', 'cis', 'Desktop'),
(246, 'BL-246', '1701331116', 'Riandi Darmawan Tantra', '081912000022', 'riandi_tantra@yahoo.com', 'L', 'Sudah', 'Kemanggisan', 5, 25, '2013/07/21', 'bncc02', 'Desktop'),
(247, 'BL-247', '1701327106', 'Kevin Putra', '081808234533', 'salvinra@yahoo.com', 'L', 'Sudah', 'Kemanggisan', 5, 25, '2013/07/21', 'cis', 'Desktop'),
(248, 'BL-248', '1701329755', 'Cedric Augusta Heradadi', '085793567677', 'cedric_augusta@yahoo.com', 'L', 'Sudah', 'Kemanggisan', 5, 25, '2013/07/21', 'bncc03', 'Desktop'),
(249, 'BL-249', '1701338160', 'Adriansyah Latief', '081918777704', 'adiansyah_latief@yahoo.com', 'M', 'Sudah', 'Kemanggisan', 5, 25, '2013/07/21', 'bncc01', 'Desktop'),
(250, 'BL-250', '1701308901', 'randy wijaya', '081808118616', 'randywijaya150@yahoo.com', 'M', 'Sudah', 'Kemanggisan', 1, 2, '2013/07/21', 'cis', 'Desktop'),
(251, 'BL-251', '1701350304', 'Bayu Ramadhan', '082112023290', 'rambayu@gmail.com', 'XL', 'Sudah', 'Kemanggisan', 5, 25, '2013/07/21', 'bncc02', 'Desktop'),
(252, 'BL-252', '1701348193', 'Khrisna Primadya', '081218370692', 'khrisnaprimadya@yahoo.co.id', 'L', 'Sudah', 'Kemanggisan', 2, 7, '2013/07/21', 'bncc03', 'Desktop'),
(253, 'BL-253', '1701303296', 'nikolas michael', '083806826708', 'nikolasmichael@gmail.com', 'L', 'Sudah', 'Kemanggisan', 4, 19, '2013/07/21', 'cis', 'Desktop'),
(254, 'BL-254', '1701307861', 'Daniel Suyono', '087788137951', 'hwangd28@gmail.com', 'S', 'Sudah', 'Kemanggisan', 0, 16, '2013/07/21', 'cis', 'Desktop'),
(255, 'BL-255', '1701303711', 'timothy agustian', '085883522917', 'timothyagustian@yahoo.com', 'L', 'Sudah', 'Kemanggisan', 2, 7, '2013/07/21', 'bncc01', 'Desktop'),
(256, 'BL-256', '1701311031', 'Rizky Dwi Krisna', '08971362217', 'rizkydwikrisna@yahoo.com', 'M', 'Sudah', 'Kemanggisan', 1, 2, '2013/07/21', 'bncc03', 'Desktop'),
(257, 'BL-257', '1701311852', 'dharmawan tanoto', '0818896670', 'dharmacs94@yahoo.com', 'M', 'Sudah', 'Kemanggisan', 2, 7, '2013/07/21', 'bncc02', 'Desktop'),
(258, 'BL-258', '1701339182', 'tiandra intifada', '083894499532', 'aojan85@yahoo.com', 'M', 'Sudah', 'Kemanggisan', 1, 2, '2013/07/21', 'bncc01', 'Desktop'),
(259, 'BL-259', '1701322181', 'ferdan akbar ramadhan', '081294969907', 'ardanrmdn@yahoo.com', 'M', 'Sudah', 'Kemanggisan', 2, 7, '2013/07/21', 'cis', 'Desktop'),
(260, 'BL-260', '1701328065', 'Adrian Firas Setiadi', '089692859292', 'Firassetiadi@yahoo.co.id', 'L', 'Sudah', 'Kemanggisan', 0, 16, '2013/07/21', 'bncc02', 'Desktop'),
(261, 'BL-261', '1701326904', 'gerard almer albaasithu', '085711011018', 'gerard_rock@rocketmail.com', 'L', 'Sudah', 'Kemanggisan', 1, 2, '2013/07/21', 'bncc01', 'Desktop'),
(262, 'BL-262', '1701324325', 'petrus b.p betekeneng', '082146084032', 'bryant.betekeneng@gmail.com', 'L', 'Sudah', 'Kemanggisan', 5, 25, '2013/07/21', 'bncc03', 'Desktop'),
(263, 'BL-263', '1701322774', 'ANDREAS', '085780468160', 'andreas_a3_1@yahoo.com', 'M', 'Sudah', 'Kemanggisan', 2, 7, '2013/07/21', 'bncc01', 'Desktop'),
(264, 'BL-264', '1701352562', 'aditya kresna bayu', '089688228199', 'vainz_zzz@hotmail.com', 'XL', 'Sudah', 'Kemanggisan', 4, 19, '2013/07/21', 'bncc02', 'Desktop'),
(265, 'BL-265', '1701306562', 'lilis', '082371035424', 'lise_then@ymail.com', 'S', 'Sudah', 'Kemanggisan', 2, 7, '2013/07/21', 'bncc01', 'Desktop'),
(266, 'BL-266', '1701323524', 'Anwar Luan Martua Purba Sidadolog', '085262885511', 'luansidadolog@gmail.com', 'L', 'Sudah', 'Kemanggisan', 2, 7, '2013/07/21', 'cis', 'Desktop'),
(267, 'BL-267', '170134590', 'muhammad rizky pratama', '085272914678', 'rizkipratama78@yahoo.com', 'S', 'Sudah', 'Kemanggisan', 1, 2, '2013/07/21', 'bncc03', 'Desktop'),
(268, 'BL-268', '1701293396', 'Janeta', '087877056999', 'destroyer_mobius@live.com', 'M', 'Sudah', 'Kemanggisan', 1, 2, '2013/07/21', 'bncc02', 'Desktop'),
(269, 'BL-269', '1701338381', 'Ridho Aulia', '08988831174', 'ridhoodho@gmail.com', 'XXL', 'Sudah', 'Kemanggisan', 1, 2, '2013/07/21', 'bncc01', 'Desktop'),
(270, 'BL-270', '1701334736', 'inas ulayya day tuqa', '089614687241', 'inas_ebot@yahoo.com', 'S', 'Sudah', 'Kemanggisan', 4, 19, '2013/07/21', 'cis', 'Desktop'),
(271, 'BL-271', '1701334465', 'Ganesha Nur Rakhman', '089651520114', 'ganeshanurrakhman@yahoo.com', 'M', 'Sudah', 'Kemanggisan', 4, 19, '2013/07/21', 'bncc02', 'Desktop'),
(272, 'BL-272', '1701325164', 'Alvino Octaputra Fadillah', '081338231982', 'alvinooctaputrafadillah@yahoo.', 'M', 'Sudah', 'Kemanggisan', 2, 7, '2013/07/21', 'bncc03', 'Desktop'),
(273, 'BL-273', '1701333191', 'farah meutia farani', '085285462109', 'farah_meutia11@yahoo.com', 'S', 'Sudah', 'Kemanggisan', 2, 8, '2013/07/21', 'cis', 'Desktop'),
(274, 'BL-274', '1701333260', 'yudha darmawan gustavianto', '082112923445', 'yudhadgustav@yahoo.co.id', 'S', 'Sudah', 'Kemanggisan', 1, 2, '2013/07/21', 'bncc01', 'Desktop'),
(275, 'BL-275', '1701332900', 'Afandi Ilham', '081314012102', 'kamen_riderZX@ymail.com', 'S', 'Sudah', 'Kemanggisan', 1, 2, '2013/07/21', 'bncc02', 'Desktop'),
(276, 'BL-276', '1701301920', 'Hangga Hosea', '089652052330', 'hangga1995@yahoo.com', 'L', 'Sudah', 'Kemanggisan', 4, 19, '2013/07/21', 'bncc03', 'Desktop'),
(277, 'BL-277', '1701336054', 'Juli Retno Phalupy', '081284178123', 'zhoelly_andrew@yahoo.co.id', 'S', 'Sudah', 'Kemanggisan', 2, 6, '2013/07/21', 'cis', 'Desktop'),
(278, 'BL-278', '1701325340', 'jamal abdul rais', '089609979414', 'jamaljh@hotmail.com', 'S', 'Sudah', 'Kemanggisan', 0, 16, '2013/07/21', 'bncc01', 'Desktop'),
(279, 'BL-279', '1701330031', 'sarah khoirunnisa', '083897896484', 'sarahkh16@gmail.com', 'M', 'Sudah', 'Kemanggisan', 2, 8, '2013/07/21', 'cis', 'Desktop'),
(280, 'BL-280', '1701326740', 'Brenda', '085668315643', 'randombreak@yahoo.com', 'M', 'Sudah', 'Kemanggisan', 0, 16, '2013/07/21', 'bncc02', 'Desktop'),
(281, 'BL-281', '1701303371', 'Youtaro Marshall Matsuda', '089653547304', 'youtaro.matsuda@yahoo.com', 'L', 'Sudah', 'Kemanggisan', 4, 19, '2013/07/21', 'bncc03', 'Desktop'),
(282, 'BL-282', '1701329401', 'Siti Inddriati Hutami', '085695091995', 'stndrthtm@gmail.com', 'S', 'Sudah', 'Kemanggisan', 2, 8, '2013/07/21', 'cis', 'Desktop'),
(283, 'BL-283', '1701351553', 'M. Fajar Ismail', '082111305282', 'fajar_skywalker@yahoo.com', 'L', 'Sudah', 'Kemanggisan', 1, 2, '2013/07/21', 'bncc01', 'Desktop'),
(284, 'BL-284', '1701330183', 'riyo ramadhana putra', '085716677282', 'riyoramadhana@gmail.com', 'M', 'Sudah', 'Kemanggisan', 1, 2, '2013/07/21', 'bncc03', 'Desktop'),
(285, 'BL-285', '1701349630', 'Andrew Christian ', '081807360000', 'andrewchrstn21@gmail.com', 'S', 'Sudah', 'Kemanggisan', 4, 20, '2013/07/21', 'bncc02', 'Desktop'),
(286, 'BL-286', '1701333475', 'cantika erla permata', '089657991169', 'cantikaerlapermata@yahoo.com', 'XL', 'Sudah', 'Kemanggisan', 2, 8, '2013/07/21', 'cis', 'Desktop'),
(287, 'BL-287', '1701310074', 'Andi Massora', '085299279750', 'andymassora@yahoo.com', 'L', 'Sudah', 'Kemanggisan', 0, 16, '2013/07/21', 'bncc01', 'Desktop'),
(288, 'BL-288', '1701326526', 'marlina yusnia jaya', '081808066613', 'marlinayusniajaya@yahoo.co.id', 'S', 'Sudah', 'Kemanggisan', 1, 3, '2013/07/21', 'cis', 'Desktop'),
(289, 'BL-289', '1701349782', 'nille magen', '083899515025', 'nillemagen@yahoo.com', 'L', 'Sudah', 'Kemanggisan', 5, 25, '2013/07/21', 'bncc03', 'Desktop'),
(290, 'BL-290', '1701332245', 'Clara Evelyn', '085770551335', 'medecimo@gmail.com', 'M', 'Sudah', 'Kemanggisan', 1, 2, '2013/07/21', 'bncc02', 'Desktop'),
(291, 'BL-291', '1701346433', 'Imelda Inmas Jeujanan', '082146014129', 'imeldainmas@gmail.com', 'S', 'Sudah', 'Kemanggisan', 1, 3, '2013/07/21', 'cis', 'Desktop'),
(292, 'BL-292', '1701327011', 'Natalia', '081905853515', '94.nataliasentosa@gmail.com', 'M', 'Sudah', 'Kemanggisan', 1, 2, '2013/07/21', 'bncc01', 'Desktop'),
(293, 'BL-293', '1701330321', 'Najib Nugroho', '085693957959', 'najibnugroho03@gmail.com', 'S', 'Sudah', 'Kemanggisan', 4, 19, '2013/07/21', 'bncc03', 'Desktop'),
(294, 'BL-294', '1701336413', 'Indra Setiawan', '081224517707', 'k1r4aaaa@yahoo.com', 'L', 'Sudah', 'Kemanggisan', 1, 3, '2013/07/21', 'bncc02', 'Desktop'),
(295, 'BL-295', '1701328651', 'Henny Setiawan', '08888609315', 'hennysetiawannn@yahoo.com', 'S', 'Sudah', 'Kemanggisan', 4, 20, '2013/07/21', 'cis', 'Desktop'),
(296, 'BL-296', '1701346723', 'zahir gamalyasri', '081380710127', 'zhr.gamal@gmail.com', 'L', 'Sudah', 'Kemanggisan', 1, 3, '2013/07/21', 'bncc01', 'Desktop'),
(297, 'BL-297', '1701330372', 'thoriq nur faizal', '087888582646', 'tnf0902@gmail.com', 'L', 'Sudah', 'Kemanggisan', 2, 7, '2013/07/21', 'cis', 'Desktop'),
(298, 'BL-298', '1701340751', 'Vabry Ardianto', '083875095874', 'vabryardianto@yahoo.co.id', 'S', 'Sudah', 'Kemanggisan', 1, 2, '2013/07/21', 'bncc03', 'Desktop'),
(299, 'BL-299', '1701324054', 'Kristian Pangestu', '081213059935', 'kapeoioi@rocketmail.com', 'L', 'Sudah', 'Kemanggisan', 1, 2, '2013/07/21', 'bncc02', 'Desktop'),
(300, 'BL-300', '1701333456', 'Gowa Benning Phanitie', '085693947294', 'gowa.bephan@gmail.com', 'M', 'Sudah', 'Kemanggisan', 2, 8, '2013/07/21', 'cis', 'Desktop'),
(301, 'BL-301', '1701328821', 'Nabila Syarafina', '08891371415', 'bu.sy_peoplenow@yahoo.co.id', 'XXL', 'Sudah', 'Kemanggisan', 4, 20, '2013/07/21', 'bncc03', 'Desktop'),
(302, 'BL-302', '1701326381', 'm.satrio bayu.s', '085716569440', 'msatriobs@yahoo.com', 'XXL', 'Sudah', 'Kemanggisan', 1, 2, '2013/07/21', 'bncc01', 'Desktop'),
(303, 'BL-303', '1701304462', 'muhammad ihsan fauzan', '081294632275', 'ihsanfauzan16@yahoo.com', 'M', 'Sudah', 'Kemanggisan', 4, 19, '2013/07/21', 'bncc02', 'Desktop'),
(304, 'BL-304', '1701306386', 'Mochammad Helmi', '089653885854', 'helmi_fl@rocketmail.com', 'M', 'Sudah', 'Kemanggisan', 5, 25, '2013/07/21', 'bncc01', 'Desktop'),
(305, 'BL-305', '1701338791', 'fergy andika a.', '085693879564', 'fergy_andhika@yahoo.co.id', 'L', 'Sudah', 'Kemanggisan', 1, 2, '2013/07/21', 'bncc03', 'Desktop'),
(306, 'BL-306', '1701306801', 'ayu nastiti setyorini', '085283151161', 'ayunastitis@yahoo.com', 'XL', 'Sudah', 'Kemanggisan', 2, 7, '2013/07/21', 'cis', 'Desktop'),
(307, 'BL-307', '1701344560', 'Riki', '087788796102', 'riki_3vil15@yahoo.com', 'L', 'Sudah', 'Kemanggisan', 1, 2, '2013/07/21', 'bncc01', 'Desktop'),
(308, 'BL-308', '1701312672', 'yunizzah rachma andanny', '05776975709', 'niza_racma12@yahoo.com', 'M', 'Sudah', 'Kemanggisan', 2, 7, '2013/07/21', 'bncc02', 'Desktop'),
(309, 'BL-309', '1701304651', 'Narumi', '081584174909', 'nana_hartandi@yahoo.com', 'XL', 'Sudah', 'Kemanggisan', 0, 16, '2013/07/21', 'cis', 'Desktop'),
(310, 'BL-310', '1701311480', 'laura chen', '082156789877', 'chenlaur@yahoo.com', 'S', 'Sudah', 'Kemanggisan', 1, 2, '2013/07/21', 'bncc03', 'Desktop'),
(311, 'BL-311', '1701340783', 'Haris Darmawan', '081273390902', 'harisdarmawan@rocketmail.com', 'M', 'Sudah', 'Kemanggisan', 0, 16, '2013/07/21', 'bncc01', 'Desktop'),
(312, 'BL-312', '1701349340', 'Galih Yoga Pratama', '083897812530', 'gayogama@gmail.com', 'L', 'Sudah', 'Kemanggisan', 1, 2, '2013/07/21', 'bncc02', 'Desktop');
INSERT INTO `trbl` (`ID`, `NoTiket`, `NIM`, `Nama`, `NoHP`, `Email`, `UkuranBaju`, `DapatBaju`, `Kampus`, `JadwalID`, `RuangID`, `TanggalDaftar`, `Catat`, `Via`) VALUES
(313, 'BL-313', '1701311165', 'Jaya Mahardika', '083874512886', 'jaymahardikas@ymail.com', 'XXL', 'Sudah', 'Kemanggisan', 1, 2, '2013/07/21', 'bncc03', 'Desktop'),
(314, 'BL-314', '1701327421', 'sukma annisa sekar p.', '085717764671', 'sukma.annisa@gmail.com', 'M', 'Sudah', 'Kemanggisan', 1, 3, '2013/07/21', 'cis', 'Desktop'),
(315, 'BL-315', '1701332724', 'Rizky Laksmanahendra', '081219862393', 'rizkylaksmanahendra@ymail.com', 'L', 'Sudah', 'Kemanggisan', 0, 16, '2013/07/21', 'bncc01', 'Desktop'),
(316, 'BL-316', '1701290955', 'Michael Simon', '08999195342', 'michaelsimon17@hotmail.com', 'XL', 'Sudah', 'Kemanggisan', 5, 25, '2013/07/21', 'bncc02', 'Desktop'),
(317, 'BL-317', '1701335474', 'Sonia Wardhani', '083856721597', 'sonia.wardhani@hotmail.com', 'S', 'Sudah', 'Kemanggisan', 1, 3, '2013/07/21', 'cis', 'Desktop'),
(318, 'BL-318', '1701341054', 'arief rahman', '089692059235', 'arief.orochi@gmail.com', 'M', 'Sudah', 'Kemanggisan', 5, 25, '2013/07/21', 'bncc01', 'Desktop'),
(319, 'BL-319', '1701327863', 'SHINTA AYU NURIANA PRATIWI', '082110827961', 'SHINTUL.SHINTUL@GMAIL.COM', 'XL', 'Sudah', 'Kemanggisan', 4, 19, '2013/07/21', 'bncc03', 'Desktop'),
(320, 'BL-320', '1701327270', 'Dio Randa Damara', '085711170756', 'dio.randmr@yahoo.co.id', 'L', 'Sudah', 'Kemanggisan', 1, 2, '2013/07/21', 'cis', 'Desktop'),
(321, 'BL-321', '1701294972', 'Kelvin Novaldo', '08999195319', 'kelvinnovaldo@hotmail.com', 'L', 'Sudah', 'Kemanggisan', 5, 25, '2013/07/21', 'bncc02', 'Desktop'),
(322, 'BL-322', '1701333393', 'Andreas', '083877554300', 'sarden1995@hotmail.com', 'M', 'Sudah', 'Kemanggisan', 5, 25, '2013/07/21', 'bncc01', 'Desktop'),
(323, 'BL-323', '1701349694', 'Achmad Haichal', '089628326613', 'breakerhaikal@yahoo.com', 'XL', 'Sudah', 'Kemanggisan', 1, 2, '2013/07/21', 'cis', 'Desktop'),
(324, 'BL-324', '1701328071', 'GALIH PANJI DWI TANIA', '085790488887', 'GALIHPAN@GMAIL.COM', 'M', 'Sudah', 'Kemanggisan', 0, 16, '2013/07/21', 'bncc03', 'Desktop'),
(325, 'BL-325', '1701335644', 'Fomalt Reviandri', '089654029879', 'mangklomang@gmail.com', 'L', 'Sudah', 'Kemanggisan', 1, 2, '2013/07/21', 'bncc02', 'Desktop'),
(326, 'BL-326', '1701324911', 'Ardan Alfitra', '089602455538', 'alfitra.ardan@yahoo.co.id', 'L', 'Sudah', 'Kemanggisan', 1, 2, '2013/07/21', 'cis', 'Desktop'),
(327, 'BL-327', '1701334881', 'Aliriza Anwar', '081310314533', 'strike501@yahoo.com', 'L', 'Sudah', 'Kemanggisan', 1, 2, '2013/07/21', 'bncc01', 'Desktop'),
(328, 'BL-328', '1701324552', 'kevin bagasdwika', '085777350467', 'kevinbagas.kb@gmail.com', 'L', 'Sudah', 'Kemanggisan', 1, 2, '2013/07/21', 'cis', 'Desktop'),
(329, 'BL-329', '1701350001', 'steaven ongky', '0215403902', 'jellozexis@hotmail.com', 'M', 'Sudah', 'Kemanggisan', 1, 2, '2013/07/21', 'bncc01', 'Desktop'),
(330, 'BL-330', '1701337113', 'Gracia Lasmaria Ariesta', '08989090927', 'gracia_sit@yahoo.co.id', 'M', 'Sudah', 'Kemanggisan', 1, 2, '2013/07/21', 'bncc02', 'Desktop'),
(331, 'BL-331', '1701312041', 'Yongki Fimala Putra', '089639280425', 'razor_95@ymail.com', 'M', 'Sudah', 'Kemanggisan', 0, 16, '2013/07/21', 'bncc03', 'Desktop'),
(332, 'BL-332', '1701337536', 'vita hesky pardamean', '081317868331', 'hesky_1110@yahoo.co.id', 'M', 'Sudah', 'Kemanggisan', 1, 3, '2013/07/21', 'cis', 'Desktop'),
(333, 'BL-333', '1701341376', 'Elmer Christiansen', '08998290512', 'elmerchristiansen.r@gmail.com', 'L', 'Sudah', 'Kemanggisan', 4, 20, '2013/07/21', 'bncc01', 'Desktop'),
(334, 'BL-334', '1701349334', 'Rendy Devara', '083898001566', 'rendy_devara@msn.com', 'L', 'Sudah', 'Kemanggisan', 4, 20, '2013/07/21', 'bncc02', 'Desktop'),
(335, 'BL-335', '1701311234', 'Willy Lukita', '08972222868', 'jouhouya@yahoo.com', 'XXL', 'Sudah', 'Kemanggisan', 4, 20, '2013/07/21', 'bncc03', 'Desktop'),
(336, 'BL-336', '1701335221', 'Sharon', '08989953707', 'sharonchandraa@gmail.com', 'S', 'Sudah', 'Kemanggisan', 4, 20, '2013/07/21', 'bncc01', 'Desktop'),
(337, 'BL-337', '1701353533', 'Arti Rukmana', '081808794784', 'artikarm@gmail.com', 'S', 'Sudah', 'Kemanggisan', 1, 3, '2013/07/21', 'cis', 'Desktop'),
(338, 'BL-338', '1701308883', 'Apriyansen Tasmin', '085770622047', 'eternal_king@ymail.com', 'XL', 'Sudah', 'Kemanggisan', 1, 3, '2013/07/21', 'cis', 'Desktop'),
(339, 'BL-339', '1701311796', 'gerry', '081319394653', 'gerrykasim1@gmail.com', 'L', 'Belum', 'Kemanggisan', 2, 7, '2013/07/21', 'bncc02', 'Desktop'),
(340, 'BL-340', '1701335373', 'Tetuko Catonsukmoro', '081319618918', 'tetukocatonsukmoro@gmail.com', 'M', 'Sudah', 'Kemanggisan', 2, 7, '2013/07/21', 'bncc03', 'Desktop'),
(341, 'BL-341', '1701311770', 'Faisal Ruslan Ar Rifqi', '083876248106', 'faisical67@gmail.com', 'M', 'Sudah', 'Kemanggisan', 2, 7, '2013/07/21', 'bncc01', 'Desktop'),
(342, 'BL-342', '1701326854', 'Tyas Siswiandini', '085692109436', 'Tyazedogawa@yahoo.com', 'S', 'Sudah', 'Kemanggisan', 1, 3, '2013/07/21', 'bncc01', 'Desktop'),
(343, 'BL-343', '1701327125', 'dhimas cherlianto putra', '08987001674', 'kuruhara@ymail.com', 'L', 'Sudah', 'Kemanggisan', 5, 25, '2013/07/21', 'cis', 'Desktop'),
(344, 'BL-344', '1701312256', 'yos', '0818699444', 'yosualangi1@yahoo.co.id', 'L', 'Sudah', 'Kemanggisan', 2, 7, '2013/07/21', 'bncc03', 'Desktop'),
(345, 'BL-345', '1701308385', 'Goesdi Louis', '085692182179', 'lightning_revenant@ymail.com', 'L', 'Sudah', 'Kemanggisan', 2, 7, '2013/07/21', 'bncc02', 'Desktop'),
(346, 'BL-346', '1701339106', 'ulfah fauzia', '087889217590', 'ulfafauziah70@yahoo.co.id', 'S', 'Sudah', 'Kemanggisan', 1, 3, '2013/07/21', 'bncc01', 'Desktop'),
(347, 'BL-347', '1701324174', 'Michelle Chandra', '08997414895', 'michellechandra95@yahoo.com', 'S', 'Sudah', 'Kemanggisan', 4, 19, '2013/07/21', 'cis', 'Desktop'),
(348, 'BL-348', '1701324123', 'ade friana', '089643759111', 'ade.friana@gmail.com', 'L', 'Sudah', 'Kemanggisan', 2, 7, '2013/07/21', 'bncc03', 'Desktop'),
(349, 'BL-349', '1701329906', 'rhomi firdausi akmad', '081298280431', 'rhomiend@yahoo.com', 'XL', 'Sudah', 'Kemanggisan', 4, 19, '2013/07/21', 'bncc02', 'Desktop'),
(350, 'BL-350', '1701333784', 'Faizal Akbar Rasyid', '081319611103', 'ichal49@gmail.com', 'XL', 'Sudah', 'Kemanggisan', 0, 16, '2013/07/21', 'bncc01', 'Desktop'),
(351, 'BL-351', '1701332491', 'Richardo Franslie', '089692909961', 'edo_95@rocketmail.com', 'L', 'Sudah', 'Kemanggisan', 4, 19, '2013/07/21', 'cis', 'Desktop'),
(352, 'BL-352', '1701321506', 'muhammad syahmi', '085694872794', 'syahmiazel@yahoo.com', 'L', 'Sudah', 'Kemanggisan', 2, 7, '2013/07/21', 'bncc03', 'Desktop'),
(353, 'BL-353', '1701334521', 'kartika yunnda pangestu', '08985436687', 'kartikakaka@rocketmail.com', 'S', 'Sudah', 'Kemanggisan', 1, 3, '2013/07/21', 'cis', 'Desktop'),
(354, 'BL-354', '1701324880', 'Winarta Halim', '085714574158', 'halimwinarta@gmail.com', 'M', 'Sudah', 'Kemanggisan', 1, 3, '2013/07/21', 'bncc01', 'Desktop'),
(355, 'BL-355', '1701340316', 'deby sofyanasari', '085729498555', 'debysoftdrink@yahoo.com', 'S', 'Sudah', 'Kemanggisan', 1, 3, '2013/07/21', 'cis', 'Desktop'),
(356, 'BL-356', '1701339964', 'Fahmi Herlambang', '089651212451', 'fahmivander@gmail.com', 'XL', 'Sudah', 'Kemanggisan', 1, 4, '2013/07/21', 'cis', 'Desktop'),
(357, 'BL-357', '1701344850', 'Rizka Lailiana', '08811059059', 'rizkalailiana@rocketmail.com', 'M', 'Sudah', 'Kemanggisan', 1, 3, '2013/07/21', 'cis', 'Desktop'),
(358, 'BL-358', '1701326551', 'eky dusturi hakim', '085710692587', 'ekyhakim@yahoo.com', 'M', 'Sudah', 'Kemanggisan', 1, 3, '2013/07/21', 'bncc03', 'Desktop'),
(359, 'BL-359', '1701350222', 'Ardimo Harsa Wardhana', '089615571208', 'usermame2@gmail.com', 'L', 'Sudah', 'Kemanggisan', 5, 25, '2013/07/21', 'bncc01', 'Desktop'),
(360, 'BL-360', '1701323783', 'Ailsa Amelia', '081318932919', 'ailsa.amelia@yahoo.com', 'S', 'Sudah', 'Kemanggisan', 1, 3, '2013/07/21', 'cis', 'Desktop'),
(361, 'BL-361', '1701319451', 'Malvin Chandra', '08151895397', 'risingwolfkun@yahoo.com', 'L', 'Sudah', 'Kemanggisan', 4, 19, '2013/07/21', 'bncc02', 'Desktop'),
(362, 'BL-362', '1701311070', 'hendrik', '087782285263', 'hendrik.karnoto@yahoo.com', 'M', 'Sudah', 'Kemanggisan', 4, 19, '2013/07/21', 'bncc01', 'Desktop'),
(363, 'BL-363', '1701345891', 'Alifah Nurshafita', '083876274181', 'syifa_alifah@hotmail.co.id', 'S', 'Sudah', 'Kemanggisan', 2, 7, '2013/07/21', 'cis', 'Desktop'),
(364, 'BL-364', '1701311783', 'rusdi', '082211750275', 'rusdi_95@ymail.com', 'XL', 'Sudah', 'Kemanggisan', 4, 19, '2013/07/21', 'bncc03', 'Desktop'),
(365, 'BL-365', '1701329811', 'shinta yulianingsih', '081219751707', 'yuliashinta25@yahoo.co.id', 'S', 'Sudah', 'Kemanggisan', 2, 7, '2013/07/21', 'cis', 'Desktop'),
(366, 'BL-366', '1701310263', 'harsyanda putra', '085692208185', 'harsyanda@yahoo.fr', 'XXL', 'Sudah', 'Kemanggisan', 0, 16, '2013/07/21', 'bncc02', 'Desktop'),
(367, 'BL-367', '1701321361', 'dila ellin ashari', '087885668662', 'dilaellinashari@yahoo.co.id', 'S', 'Sudah', 'Kemanggisan', 1, 3, '2013/07/21', 'cis', 'Desktop'),
(368, 'BL-368', '1701323631', 'Michael Surya Wijaya', '087809873888', 'michael_surya9@yahoo.co.id', 'L', 'Sudah', 'Kemanggisan', 4, 19, '2013/07/21', 'bncc01', 'Desktop'),
(369, 'BL-369', '1701321430', 'Mohd. Izra F', '08170876968', 'Frizz925@hotmail.com', 'M', 'Sudah', 'Kemanggisan', 1, 3, '2013/07/21', 'bncc03', 'Desktop'),
(370, 'BL-370', '1701331583', 'farisah', '083872665757', 'Icha_ladiesfirst@yahoo.com', 'M', 'Sudah', 'Kemanggisan', 1, 3, '2013/07/21', 'cis', 'Desktop'),
(371, 'BL-371', '1701354334', 'Muhammad Reza Fauzi', '085781170170', 'askreza@yahoo.com', 'M', 'Sudah', 'Kemanggisan', 5, 25, '2013/07/21', 'cis', 'Desktop'),
(372, 'BL-372', '1701349763', 'RIA OKTAVIANI', '081210267300', 'AR_SAPI@YAHOO.CO.ID', 'L', 'Sudah', 'Kemanggisan', 5, 25, '2013/07/21', 'bncc02', 'Desktop'),
(373, 'BL-373', '1701332384', 'Muammar Gibran Noverezky', '082110688910', 'ularbulu2@gmail.com', 'XL', 'Sudah', 'Kemanggisan', 0, 16, '2013/07/21', 'bncc03', 'Desktop'),
(374, 'BL-374', '1701349845', 'Ahmad Salim Amsori', '085245504558', 'accempire@gmail.com', 'M', 'Sudah', 'Kemanggisan', 1, 3, '2013/07/21', 'cis', 'Desktop'),
(375, 'BL-375', '1701353804', 'herdian kamil', '087871242958', 'herdiankamil99@yahoo.com', 'M', 'Sudah', 'Kemanggisan', 1, 3, '2013/07/21', 'cis', 'Desktop'),
(376, 'BL-376', '1701351010', 'Bachtiar Yusuf Nugraha', '083898998227', 'bayu.nugraha1995@yahoo.com', 'L', 'Sudah', 'Kemanggisan', 5, 25, '2013/07/21', 'cis', 'Desktop'),
(377, 'BL-377', '1701332775', 'wisnu indrawan ', '0811802714', 'dr.winsuindrawan@yahoo.com', 'L', 'Sudah', 'Kemanggisan', 4, 19, '2013/07/21', 'cis', 'Desktop'),
(378, 'BL-378', '1701335682', 'Ridwan', '085694666670', 'ridwan.muhamad14@gmail.com', 'M', 'Sudah', 'Kemanggisan', 4, 19, '2013/07/21', 'cis', 'Desktop'),
(379, 'BL-379', '1701340442', 'dhika herlangga', '087782476080', 'dhikaherlangga@gmail.com', 'M', 'Sudah', 'Kemanggisan', 4, 19, '2013/07/21', 'cis', 'Desktop'),
(380, 'BL-380', '1701326072', 'Cakra Gumilar K S', '089652247155', 'cakra_racun@yahoo.com', 'L', 'Sudah', 'Kemanggisan', 2, 7, '2013/07/21', 'bncc02', 'Desktop'),
(381, 'BL-381', '1701311215', 'ferdian', '083898182700', 'phbobo96@yahoo.com', 'XL', 'Sudah', 'Kemanggisan', 4, 20, '2013/07/21', 'bncc01', 'Desktop'),
(382, 'BL-382', '1701312086', 'C.B.Chairiantony', '081284021744', 'carel_tony@yahoo.com', 'M', 'Sudah', 'Kemanggisan', 1, 3, '2013/07/21', 'cis', 'Desktop'),
(383, 'BL-383', '1701311575', 'Rendy Tanuwijaya', '081294450144', 'neverendingsky@yahoo.co.id', 'M', 'Sudah', 'Kemanggisan', 1, 3, '2013/07/21', 'cis', 'Desktop'),
(384, 'BL-384', '1701300470', 'Erwin', '081932111552', 'piratejsparow@gmail.com', 'M', 'Sudah', 'Kemanggisan', 5, 25, '2013/07/21', 'bncc02', 'Desktop'),
(385, 'BL-385', '1701311133', 'Demetrius Nelson', '08983032790', 'lukcy_nln@yahoo.co.id', 'L', 'Sudah', 'Kemanggisan', 1, 3, '2013/07/21', 'cis', 'Desktop'),
(386, 'BL-386', '17013148994', 'annash syah jabbar', '089651517036', 'annash.7788@gmail.com', 'XL', 'Sudah', 'Kemanggisan', 5, 25, '2013/07/21', 'cis', 'Desktop'),
(387, 'BL-387', '1701329641', 'Mahesa Indrajaya', '085794979261', 'mahesaindrajaya06@gmail.com', 'XL', 'Sudah', 'Kemanggisan', 4, 19, '2013/07/21', 'cis', 'Desktop'),
(388, 'BL-388', '1701328752', 'Orlando', '0818880621', 'orlando_0910.chan@yahoo.com', 'M', 'Sudah', 'Kemanggisan', 4, 19, '2013/07/21', 'admin', 'Desktop'),
(389, 'BL-389', '1701311096', 'calvin andhika', '08989841006', 'calvin_marsud@yahoo.co.id', 'M', 'Sudah', 'Kemanggisan', 4, 20, '2013/07/21', 'admin', 'Desktop'),
(390, 'BL-390', '1701308006', 'Evan Veryandi', '08978556777', 'evanveryandi30@yahoo.com', 'L', 'Sudah', 'Kemanggisan', 4, 20, '2013/07/21', 'admin', 'Desktop'),
(391, 'BL-391', '1701310616', 'MALWIN', '081932711441', 'malwin95@yahoo.com', 'L', 'Sudah', 'Kemanggisan', 1, 3, '2013/07/21', 'admin', 'Desktop'),
(392, 'BL-392', '1701312962', 'dennis darmadi', '08988295788', 'dennisdarmadi@yahoo.com', 'L', 'Sudah', 'Kemanggisan', 4, 20, '2013/07/21', 'admin', 'Desktop'),
(393, 'BL-393', '1701344604', 'Donny Riandy', '081396245330', 'rydz_93@yahoo.com', 'L', 'Sudah', 'Kemanggisan', 4, 20, '2013/07/21', 'admin', 'Desktop'),
(394, 'BL-394', '1701326942', 'Stefanus', '085718303101', 'antonius_stefanus@yah.com', 'M', 'Sudah', 'Kemanggisan', 1, 3, '2013/07/21', 'admin', 'Desktop'),
(395, 'BL-395', '1701339863', 'Suryadi Efendy', '081295166631', 'manurungsuryadi@yahoo.com', 'XL', 'Sudah', 'Kemanggisan', 1, 3, '2013/07/21', 'admin', 'Desktop'),
(396, 'BL-396', '1701347291', 'Michael Christian Halim', '085656091195', 'michaelc_h@yahoo.com', 'S', 'Sudah', 'Kemanggisan', 0, 16, '2013/07/21', 'admin', 'Desktop'),
(397, 'BL-397', '1701307786', 'David', '081517119888', 'david.nolix@gmail.com', 'L', 'Sudah', 'Kemanggisan', 1, 3, '2013/07/21', 'admin', 'Desktop'),
(398, 'BL-398', '1701347820', 'Rizkika Mulyaningsih', '089685315462', 'rizkikamulyaningsih@ymail.com', 'L', 'Sudah', 'Kemanggisan', 4, 20, '2013/07/21', 'admin', 'Desktop'),
(399, 'BL-399', '1701306410', 'Siti Aisyah', '085888743475', 'icha.hakim@yahoo.com', 'S', 'Sudah', 'Kemanggisan', 4, 20, '2013/07/21', 'admin', 'Desktop'),
(400, 'BL-400', '1701332485', 'Yoshua Wisnu', '085770036640', 'yoshuawisnu@yahoo.com', 'M', 'Sudah', 'Kemanggisan', 4, 20, '2013/07/21', 'admin', 'Desktop'),
(401, 'BL-401', '1701347594', 'Reiner Alex', '082124550666', 'reiner_alex@yahoo.com', 'M', 'Sudah', 'Kemanggisan', 5, 25, '2013/07/21', 'admin', 'Desktop'),
(402, 'BL-402', '1701334042', 'Adhy Dharma FN', '083878788323', 'ghostcoder.altilery@gmail.com', 'S', 'Sudah', 'Kemanggisan', 4, 20, '2013/07/21', 'admin', 'Desktop'),
(403, 'BL-403', '1701334446', 'Lukman Hakim', '083815671797', 'lukmanspj95@yahoo.com', 'M', 'Sudah', 'Kemanggisan', 4, 20, '2013/07/21', 'admin', 'Desktop'),
(404, 'BL-404', '1701304310', 'Chandra Limiarja', '083877610178', 'chandralimiarja@yahoo.com', 'M', 'Sudah', 'Kemanggisan', 2, 7, '2013/07/21', 'admin', 'Desktop'),
(405, 'BL-405', '1701304544', 'Yan Iskandar', '085710059811', 'yan_gunjata@yahoo.com', 'L', 'Sudah', 'Kemanggisan', 2, 7, '2013/07/21', 'admin', 'Desktop'),
(406, 'BL-406', '1701310673', 'Wahyu SAputra', '081212610195', 'ncek74@gmail.com', 'M', 'Sudah', 'Kemanggisan', 1, 3, '2013/07/21', 'admin', 'Desktop'),
(407, 'BL-407', '1701340392', 'Eddy Subianto', '081364041202', 'Eddy.subianto15@yahoo.com', 'M', 'Sudah', 'Kemanggisan', 1, 3, '2013/07/21', 'admin', 'Desktop'),
(408, 'BL-408', '1701340335', 'Leonardo Halim', '082391917169', 'leonardo20.lh@gmail.com', 'L', 'Sudah', 'Kemanggisan', 1, 3, '2013/07/21', 'admin', 'Desktop'),
(409, 'BL-409', '1701326910', 'ilham idham cholid', '085711151545', 'ilhamidhamc@gmail.com', 'XL', 'Sudah', 'Kemanggisan', 0, 16, '2013/07/21', 'admin', 'Desktop'),
(410, 'BL-410', '1701303775', 'Samuel Santoso', '08118891422', 'samuelsantoso.offer@gmail.com', 'XL', 'Sudah', 'Kemanggisan', 2, 7, '2013/07/21', 'admin', 'Desktop'),
(411, 'BL-411', '1701324205', 'anisa survani', '089611588659', 'icha.survani@gmail.com', 'S', 'Sudah', 'Kemanggisan', 0, 16, '2013/07/21', 'admin', 'Desktop'),
(412, 'BL-412', '1701329566', 'shafriza', '085260686268', 'shafriza11@yahoo.com', 'XL', 'Sudah', 'Kemanggisan', 1, 3, '2013/07/21', 'admin', 'Desktop'),
(413, 'BL-413', '1701338394', 'darma setiawan', '082381820077', 'darmasetiawan26@ymail.com', 'L', 'Sudah', 'Kemanggisan', 1, 3, '2013/07/21', 'admin', 'Desktop'),
(414, 'BL-414', '1701341086', 'Intan Puji NH', '081248882885', 'intanpuji.15@gmail.com', 'M', 'Sudah', 'Kemanggisan', 0, 16, '2013/07/21', 'admin', 'Desktop'),
(415, 'BL-415', '1701338803', 'willyel phanata', '087781322435', 'double_u95@yahoo.com', 'S', 'Sudah', 'Kemanggisan', 2, 7, '2013/07/21', 'admin', 'Desktop'),
(416, 'BL-416', '1701341451', 'kartika sari', '08999248384', 'sari.kartika18@rocketmail.com', 'L', 'Sudah', 'Kemanggisan', 0, 16, '2013/07/21', 'admin', 'Desktop'),
(417, 'BL-417', '1701304645', 'Joshua Ather', '081284661855', 'ojoz_ojos@yahoo.com', 'M', 'Sudah', 'Kemanggisan', 5, 25, '2013/07/21', 'admin', 'Desktop'),
(418, 'BL-418', '1701328336', 'Julianty', '08972875929', 'juliantea007@yahoo.com', 'S', 'Sudah', 'Kemanggisan', 1, 3, '2013/07/21', 'admin', 'Desktop'),
(419, 'BL-419', '1701315522', 'Fernaldy', '087877555894', 'fernaldyfernaldy14@gmail.com', 'L', 'Sudah', 'Kemanggisan', 4, 20, '2013/07/21', 'admin', 'Desktop'),
(420, 'BL-420', '1701349542', 'Nicho Anggara', '081227710857', 'nichoanggara27@gmail.com', 'M', 'Sudah', 'Kemanggisan', 4, 20, '2013/07/21', 'admin', 'Desktop'),
(421, 'BL-421', '1701334692', 'William Maxwell', '083808713484', 'william_maxx@yahoo.co.id', 'L', 'Sudah', 'Kemanggisan', 1, 3, '2013/07/21', 'admin', 'Desktop'),
(422, 'BL-422', '1701329446', 'Fauzan Munadhil', '081298954249', 'fauzan.mdl182@gmail.com', 'L', 'Sudah', 'Kemanggisan', 1, 3, '2013/07/21', 'admin', 'Desktop'),
(423, 'BL-423', '1701304102', 'Handy Susanto', '087830219153', 'susanto.handy@yahoo.com', 'L', 'Sudah', 'Kemanggisan', 0, 16, '2013/07/21', 'admin', 'Desktop'),
(424, 'BL-424', '1701328613', 'Yazzy', '081283952020', 'davincoyazzy@yahoo.com', 'L', 'Sudah', 'Kemanggisan', 2, 8, '2013/07/21', 'admin', 'Desktop'),
(425, 'BL-425', '1701326053', 'Muhammad Daivan', '085717930688', 'muhamaddaivan@yahoo.com', 'M', 'Sudah', 'Kemanggisan', 1, 3, '2013/07/21', 'admin', 'Desktop'),
(426, 'BL-426', '1701332983', 'Tengku Taufik', '081280147255', 'cantikaerlapertama@yahoo.com', 'L', 'Sudah', 'Kemanggisan', 0, 16, '2013/07/21', 'admin', 'Desktop'),
(427, 'BL-427', '1701332996', 'Virna Susiandani', '087873700037', 'vsusiandani@gmail.com', 'M', 'Sudah', 'Kemanggisan', 1, 3, '2013/07/21', 'admin', 'Desktop'),
(428, 'BL-428', '1701347373', 'Sonniyah Fauziyah', '087823506690', 'sonia.fauziah@gmail.com', 'L', 'Sudah', 'Kemanggisan', 1, 3, '2013/07/21', 'admin', 'Desktop'),
(429, 'BL-429', '1701289890', 'Nicholas Putra Kristianto', '087888039545', 'nikoputra@live.com', 'L', 'Sudah', 'Kemanggisan', 1, 4, '2013/07/28', 'cis01', 'Desktop'),
(430, 'BL-430', '1701340266', 'Melyana Halim', '081910612344', 'melly_inoue@yahoo.com', 'M', 'Belum', 'Kemanggisan', 4, 20, '2013/07/28', 'cis02', 'Desktop'),
(431, 'BL-431', '1701302103', 'Vincent Iskandar', '085219045899', 'Hanmen.Ashura@yahoo.com', 'M', 'Sudah', 'Kemanggisan', 4, 20, '2013/07/28', 'cis01', 'Desktop'),
(432, 'BL-432', '1701333355', 'Adit Harnanto Yusuf', '082123293531', 'aditharnanto@ymail.com', 'L', 'Sudah', 'Kemanggisan', 2, 8, '2013/07/28', 'bncc01', 'Desktop'),
(433, 'BL-433', '1701308246', 'Hansel Ekaputra', '08977425254', 'hanselekaputra@yahoo.com', 'S', 'Sudah', 'Kemanggisan', 1, 4, '2013/07/28', 'cis01', 'Desktop'),
(434, 'BL-434', '1701335695', 'Kevin Marco', '081319608121', 'kmzpoh@yahoo.com', 'XL', 'Sudah', 'Kemanggisan', 5, 25, '2013/07/28', 'cis02', 'Desktop'),
(435, 'BL-435', '1701357380', 'Nico norris', '081519112112', 'warppersona@yahoo.com', 'M', 'Sudah', 'Kemanggisan', 4, 20, '2013/07/28', 'bncc01', 'Desktop'),
(436, 'BL-436', '1701332674', 'Risyad Rifkiansyah Purnomo', '081932335446', 'rrisyad171@gmail.com', 'XL', 'Sudah', 'Kemanggisan', 2, 8, '2013/07/28', 'cis02', 'Desktop'),
(437, 'BL-437', '1701306695', 'Johanes Patrick Suriana', '0216293739', 'Johanes_suriana@yahoo.com', 'XXL', 'Sudah', 'Kemanggisan', 4, 20, '2013/07/28', 'cis01', 'Desktop'),
(438, 'BL-438', '17012955874', 'Reinardo William Aristya', '087782002827', 'fuink12@live.com', 'L', 'Sudah', 'Kemanggisan', 4, 20, '2013/07/28', 'cis02', 'Desktop'),
(439, 'BL-439', '1701327081', 'Adriel Edison Boantua Aritonang', '085283190094', 'adriedison@gmail.com', 'M', 'Sudah', 'Kemanggisan', 0, 16, '2013/07/28', 'bncc01', 'Desktop'),
(440, 'BL-440', '1701352045', 'Mochammad Alamsyah', '085759572025', 'yamikaze24@gmail.com', 'M', 'Sudah', 'Kemanggisan', 2, 8, '2013/07/28', 'cis01', 'Desktop'),
(441, 'BL-441', '1701327926', 'Muhammad Kamal Rasyid', '08176817063', 'kemalrasyid@yahoo.com', 'M', 'Sudah', 'Kemanggisan', 2, 8, '2013/07/28', 'cis02', 'Desktop'),
(442, 'BL-442', '1701356610', 'Antonius Richardo', '083891955064', 'rinken.sphere@gmail.com', 'S', 'Sudah', 'Kemanggisan', 4, 20, '2013/07/28', 'cis01', 'Desktop'),
(443, 'BL-443', '1701291604', 'Ignatius Irvan', '081316878995', 'irvan.winata@yahoo.com', 'M', 'Sudah', 'Kemanggisan', 4, 20, '2013/07/28', 'cis02', 'Desktop'),
(444, 'BL-444', '1701325965', 'IBNOE RAFEYLITO', '082113359930', 'ibnurafeylito@gmail.com', 'M', 'Sudah', 'Kemanggisan', 4, 20, '2013/07/28', 'cis01', 'Desktop'),
(445, 'BL-445', '1701301656', 'Harfondy Turaga', '08999393852', 'harfondy_cool@yahoo.com', 'M', 'Sudah', 'Kemanggisan', 4, 20, '2013/07/28', 'bncc01', 'Desktop'),
(446, 'BL-446', '1701302791', 'Julius Surya Sumantri', '083874094113', 'Julius.taeng@gmail.com', 'M', 'Sudah', 'Kemanggisan', 1, 3, '2013/07/28', 'cis02', 'Desktop'),
(447, 'BL-447', '1701328102', 'Aditya Wirawan', '08161952991', 'aditya.wirawan.k@gmail.com', 'L', 'Sudah', 'Kemanggisan', 4, 20, '2013/07/28', 'cis01', 'Desktop'),
(448, 'BL-448', '1701300823', 'Josua Reynaldo', '082122441596', 'josuareynaldo@yahoo.com', 'XL', 'Sudah', 'Kemanggisan', 4, 20, '2013/07/28', 'cis02', 'Desktop'),
(449, 'BL-449', '1701294373', 'mikhael christoffer', '087881326608', 'bright_christoffer@yahoo.com', 'L', 'Sudah', 'Kemanggisan', 2, 8, '2013/07/28', 'bncc01', 'Desktop'),
(450, 'BL-450', '1701332636', 'Theodorus Andi Gunawan', '081288589908', 'theodorusandi@hotmail.com', 'L', 'Sudah', 'Kemanggisan', 2, 8, '2013/07/28', 'cis01', 'Desktop'),
(451, 'BL-451', '1701356756', 'willy elison susanto', '085283901627', 'alex_willy95@yahoo.com', 'L', 'Sudah', 'Kemanggisan', 0, 16, '2013/07/28', 'cis02', 'Desktop'),
(452, 'BL-452', '1701356541', 'ricki kurniawan', '089652532814', 'rickikurniawan87@yahoo.com', 'XXL', 'Sudah', 'Kemanggisan', 1, 3, '2013/07/28', 'cis01', 'Desktop'),
(453, 'BL-453', '1701295962', 'Lukman Adika Pradyanto', '083877808825', 'lookman13@gmail.com', 'M', 'Sudah', 'Kemanggisan', 1, 3, '2013/07/28', 'bncc01', 'Desktop'),
(454, 'BL-454', '1701303264', 'Denny Angkasa', '08990640144', 'dennyangkasa@gmail.com', 'M', 'Sudah', 'Kemanggisan', 1, 4, '2013/07/28', 'cis02', 'Desktop'),
(455, 'BL-455', '1701301832', 'Andrew Jason', '083811966286', 'forte_nos@yahoo.com', 'M', 'Sudah', 'Kemanggisan', 4, 20, '2013/07/28', 'cis01', 'Desktop'),
(456, 'BL-456', '1701289814', 'Surya Abhimukhi Halim', '08212337233', 'suryaabhimukhi@gmail.com', 'XL', 'Sudah', 'Kemanggisan', 1, 4, '2013/07/28', 'bncc01', 'Desktop'),
(457, 'BL-457', '1701354965', 'chrisnaldi julius halim', '081910072003', 'chris.naldi@yahoo.com', 'XL', 'Sudah', 'Kemanggisan', 0, 16, '2013/07/28', 'cis01', 'Desktop'),
(458, 'BL-458', '1701357084', 'supriadi arnoldus', '083873565635', 'vandenboschsr@yahoo.co.id', 'L', 'Sudah', 'Kemanggisan', 2, 6, '2013/07/28', 'cis02', 'Desktop'),
(459, 'BL-459', '1701332434', 'Vicko Samtosa', '083872222197', 'vickosantosa@rocketmail.com', 'M', 'Sudah', 'Kemanggisan', 1, 4, '2013/07/28', 'cis01', 'Desktop'),
(460, 'BL-460', '170295400', 'Kevin Bismark S', '081519112768', 'de_larc@yahoo.com', 'M', 'Sudah', 'Kemanggisan', 1, 4, '2013/07/28', 'bncc01', 'Desktop'),
(461, 'BL-461', '1701322036', 'Alby Rahman Aufan', '089602801134', 'albyrahmanaufan16@gmail.com', 'XL', 'Sudah', 'Kemanggisan', 1, 4, '2013/07/28', 'bncc01', 'Desktop'),
(462, 'BL-462', '1701327693', 'Irsal Taufik Qadriansyah', '089628978708', 'irsal_16@live.com', 'M', 'Sudah', 'Kemanggisan', 4, 20, '2013/07/28', 'cis02', 'Desktop'),
(463, 'BL-463', '1701291882', 'Rudy Swandy', '087876776711', 'piyabeanie@yahoo.com', 'L', 'Sudah', 'Kemanggisan', 1, 4, '2013/07/28', 'cis01', 'Desktop'),
(464, 'BL-464', '1701290210', 'Reginald Putra ghozali', '08998857227', 'reginaldpg@gmail.com', 'M', 'Sudah', 'Kemanggisan', 5, 25, '2013/07/28', 'bncc01', 'Desktop'),
(465, 'BL-465', '1701354984', 'marini brigitta', '081316386968', 'gittattig95@gmail.com', 'L', 'Sudah', 'Kemanggisan', 1, 4, '2013/07/28', 'cis02', 'Desktop'),
(466, 'BL-466', '1701355476', 'ayu muslimah putri', '085780286596', 'ayum.yam@gmail.com', 'M', 'Sudah', 'Kemanggisan', 1, 4, '2013/07/28', 'cis02', 'Desktop'),
(467, 'BL-467', '1701328115', 'Rifky Nurdyanto Wahyudi', '087888482596', 'rifkynurdyantowahyudi@gmail.co', 'L', 'Sudah', 'Kemanggisan', 1, 4, '2013/07/28', 'cis01', 'Desktop'),
(468, 'BL-468', '1701356251', 'Akhmad Agosto Prasetyo', '083891832810', 'akhmad.agosto@gmail.com', 'L', 'Sudah', 'Kemanggisan', 4, 20, '2013/07/28', 'bncc01', 'Desktop'),
(469, 'BL-469', '1701339610', 'rachmadita nuur islami', '089637993470', 'rahmadita40@yahoo.com', 'L', 'Sudah', 'Kemanggisan', 5, 25, '2013/07/28', 'cis02', 'Desktop'),
(470, 'BL-470', '1701324445', 'muhamad wildan afrian', '081319518949', 'muhammadwildan83@yahoo.com', 'XL', 'Sudah', 'Kemanggisan', 1, 4, '2013/07/28', 'cis02', 'Desktop'),
(471, 'BL-471', '17013511692', 'reski tambatjong', '085256592222', 'reski_tambatjong@yahoo.com', 'XL', 'Sudah', 'Kemanggisan', 2, 8, '2013/07/28', 'bncc01', 'Desktop'),
(472, 'BL-472', '1701296366', 'athaya intishar', '085813873697', 'athaya.ferz@yahoo.com', 'M', 'Sudah', 'Kemanggisan', 4, 20, '2013/07/28', 'cis02', 'Desktop'),
(473, 'BL-473', '1701356301', 'Muh. Abdillah Saputra Idrus', '089628174205', 'abdi_hmi19@yahoo.co.id', 'M', 'Sudah', 'Kemanggisan', 4, 20, '2013/07/28', 'cis02', 'Desktop'),
(474, 'BL-474', '1701356592', 'Luthfi Rezkiyanda Putra', '089635543993', 'luthfista@live.com', 'M', 'Sudah', 'Kemanggisan', 4, 20, '2013/07/28', 'cis02', 'Desktop'),
(475, 'BL-475', '1701352530', 'Lukman Yunus', '083873787965', 'daglok1@gmail.com', 'L', 'Sudah', 'Kemanggisan', 4, 20, '2013/07/28', 'cis02', 'Desktop'),
(476, 'BL-476', '1701357115', 'Rozi Gustinov', '085375037601', 'goestinov@rocketmail.com', 'M', 'Sudah', 'Kemanggisan', 4, 20, '2013/07/28', 'cis02', 'Desktop'),
(477, 'BL-477', '1701328304', 'novitarina', '085778020512', 'katarina.novitarina@yahoo.com', 'M', 'Sudah', 'Kemanggisan', 4, 20, '2013/07/28', 'cis02', 'Desktop'),
(478, 'BL-478', '1701331545', 'Kevin Jonathan', '085386580280', 'xaviero@binusian.org', 'M', 'Sudah', 'Kemanggisan', 1, 3, '2013/07/28', 'cis02', 'Desktop'),
(479, 'BL-479', '1701324180', 'Johan Setiadi Wijaya', '0817115370', 'perhetrosus@live.com', 'XL', 'Sudah', 'Kemanggisan', 1, 4, '2013/07/28', 'cis02', 'Desktop'),
(480, 'BL-480', '1701311101', 'Ryan Karuna', '08999868711', 'M1A2_12@yahoo.com', 'L', 'Sudah', 'Kemanggisan', 1, 3, '2013/07/28', 'cis02', 'Desktop'),
(481, 'BL-481', '1701352285', 'Tsarwanqandi G.W.', '08991057292', 'qandijrc@yahoo.co.id', 'M', 'Sudah', 'Kemanggisan', 5, 25, '2013/07/28', 'cis02', 'Desktop'),
(482, 'BL-482', '1701353735', 'ahmad kaesandhi u', '081932018387', 'akaesandhi@ymail.com', 'L', 'Sudah', 'Kemanggisan', 5, 25, '2013/07/28', 'cis02', 'Desktop'),
(483, 'BL-483', '1701313914', 'Reza Alrayyan Bayuni', '089671122044', 'rayyanbayuni@gmail.com', 'L', 'Sudah', 'Kemanggisan', 5, 25, '2013/07/28', 'cis02', 'Desktop'),
(484, 'BL-484', '1701347253', 'heri hermawan', '087809601459', 'hermawanheri66@gmail.com', 'M', 'Sudah', 'Kemanggisan', 4, 20, '2013/07/28', 'cis02', 'Desktop'),
(485, 'BL-485', '1701345563', 'Dennis', '082122253395', 'dennismauli95@gmail.com', 'M', 'Sudah', 'Kemanggisan', 2, 8, '2013/07/28', 'cis02', 'Desktop'),
(486, 'BL-486', '1701308063', 'Jason Nathanael', '081314409655', 'jasonnathanael24@yahoo.com', 'M', 'Sudah', 'Kemanggisan', 1, 4, '2013/07/28', 'cis02', 'Desktop'),
(487, 'BL-487', '1701351761', 'Ido Grestio', '089637913961', 'idogrestioo@gmail.com', 'XL', 'Sudah', 'Kemanggisan', 5, 25, '2013/07/28', 'cis02', 'Desktop'),
(488, 'BL-488', '1701306934', 'Bryan Gerald Sukamto', '081807119621', 'bryangeraldsukamto@hotmail.com', 'L', 'Sudah', 'Kemanggisan', 0, 16, '2013/07/28', 'cis01', 'Desktop'),
(489, 'BL-489', '1701301196', 'Riandi', '087870875707', 'kerenriandi@yahoo.com', 'M', 'Sudah', 'Kemanggisan', 1, 4, '2013/07/28', 'cis02', 'Desktop'),
(490, 'BL-490', '1701335625', 'Muchammad Alvin Haris', '087780277267', 'soul_alvin@yahoo.com', 'M', 'Sudah', 'Kemanggisan', 4, 20, '2013/07/28', 'cis01', 'Desktop'),
(491, 'BL-491', '1701293566', 'Jonathan Surya', '082123447521', 'jonathansuryal@yahoo.com', 'M', 'Sudah', 'Kemanggisan', 4, 20, '2013/07/28', 'cis02', 'Desktop'),
(492, 'BL-492', '1701356320', 'Jhodi Pratama', '081281829621', 'jhodypratama@ymail.com', 'L', 'Sudah', 'Kemanggisan', 1, 4, '2013/07/28', 'cis02', 'Desktop'),
(493, 'BL-493', '1701357651', 'Muhamad Akmal', '089637062848', 'm.akmal1505@gmail.com', 'M', 'Sudah', 'Kemanggisan', 4, 20, '2013/07/28', 'cis01', 'Desktop'),
(494, 'BL-494', '1701311083', 'Azwan Thomas', '087875387878', 'sugasshuns@yahoo.com', 'L', 'Sudah', 'Kemanggisan', 4, 20, '2013/09/01', 'admin', 'Desktop'),
(495, 'BL-495', '1701308542', 'Ferry Candra', '085789398840', 'ferrychan08@yahoo.co.id', 'L', 'Sudah', 'Kemanggisan', 7, 43, '2013/09/01', 'cis2', 'Desktop'),
(496, 'BL-496', '1701313832', 'Jordan Alvin', '085669875976', 'jordan_95@rocketmail.com', 'XXL', 'Sudah', 'Kemanggisan', 7, 43, '2013/09/01', 'bncc1', 'Desktop'),
(497, 'BL-497', '1701317300', 'Kevin', '085251818983', 'chen_kevin29@yahoo.com', 'XL', 'Sudah', 'Kemanggisan', 7, 43, '2013/09/01', 'cis2', 'Desktop'),
(498, 'BL-498', '1701309154', 'Abraham E F Santoso', '081938267467', 'abraham_efs@hotmail.com', 'M', 'Sudah', 'Kemanggisan', 7, 43, '2013/09/01', 'cis', 'Desktop'),
(499, 'BL-499', '1701315056', 'Sufri', '081316726091', 'xifrus.dem@gmail.com', 'XL', 'Sudah', 'Kemanggisan', 7, 43, '2013/09/01', 'cis2', 'Desktop'),
(500, 'BL-500', '1701326015', 'Giovanni Maharlian Damara', '087894268879', 'punkrock41182@gmail.com', 'M', 'Sudah', 'Kemanggisan', 7, 43, '2013/09/01', 'cis', 'Desktop'),
(501, 'BL-501', '1701312262', 'arifin artejo', '081375435020', 'arifinartejo@yahoo.com', 'M', 'Sudah', 'Kemanggisan', 7, 43, '2013/09/01', 'bncc2', 'Desktop'),
(502, 'BL-502', '1701327661', 'Erkania Sundari', '085715801969', 'erkaniasundari@hotmail.com', 'S', 'Sudah', 'Kemanggisan', 7, 43, '2013/09/01', 'bncc1', 'Desktop'),
(503, 'BL-503', '1701314135', 'Hendra Gunawan', '085664328085', 'hen8810@gmail.com', 'L', 'Sudah', 'Kemanggisan', 7, 43, '2013/09/01', 'cis', 'Desktop'),
(504, 'BL-504', '1701316102', 'Vinsensius Richard Haryono', '085656769759', 'vinnexus@yahoo.com', 'XL', 'Sudah', 'Kemanggisan', 0, 16, '2013/09/01', 'bncc1', 'Desktop'),
(505, 'BL-505', '1701316115', 'Edwin Lionard', '089695049559', 'edwinlionardd@gmail.com', 'L', 'Sudah', 'Kemanggisan', 0, 16, '2013/09/01', 'cis', 'Desktop'),
(506, 'BL-506', '1701314173', 'Daniel Hermawan', '081994522440', 'danielhermawan93@yahoo.com', 'M', 'Sudah', 'Kemanggisan', 7, 43, '2013/09/01', 'bncc2', 'Desktop'),
(507, 'BL-507', '1701331274', 'Reinhart Wijaya', '089688663225', 'reinhart.wijaya@gmail.com', 'L', 'Sudah', 'Kemanggisan', 0, 16, '2013/09/01', 'bncc2', 'Desktop'),
(508, 'BL-508', '1701317521', 'Cynthia Mia K.', '083184020003', 'cynthia_mia@rocketmail.com', 'S', 'Sudah', 'Kemanggisan', 8, 46, '2013/09/01', 'bncc1', 'Desktop'),
(509, 'BL-509', '1701317225', 'IRENE', '089620619278', 'irenekho10@yahoo.com', 'S', 'Sudah', 'Kemanggisan', 0, 16, '2013/09/01', 'cis2', 'Desktop'),
(510, 'BL-510', '1701314122', 'Kelvindo Sutan', '089624335895', 'solarincore@gmail.com', 'L', 'Sudah', 'Kemanggisan', 7, 43, '2013/09/01', 'cis2', 'Desktop'),
(511, 'BL-511', '1701312161', 'Achmad Rahmaputra', '081380835777', 'rahmaputraa@ymail.com', 'L', 'Sudah', 'Kemanggisan', 7, 43, '2013/09/01', 'bncc2', 'Desktop'),
(512, 'BL-512', '1701356112', 'Yahya Kamil', '081212339931', 'yahyakamil31@yahoo.com', 'XL', 'Sudah', 'Kemanggisan', 7, 43, '2013/09/01', 'bncc1', 'Desktop'),
(513, 'BL-513', '1701316954', 'yudianto', '08990646363', 'yudiantozhou@ymail.com', 'M', 'Sudah', 'Kemanggisan', 7, 43, '2013/09/01', 'bncc2', 'Desktop'),
(514, 'BL-514', '1701314690', 'Ribka Apriliana K.', '081224701177', 'ribka_apriliana@yahoo.com', 'S', 'Sudah', 'Kemanggisan', 7, 43, '2013/09/01', 'cis2', 'Desktop'),
(515, 'BL-515', '1701338122', 'Agatha Virgitia Darmawan', '087899297227', 'av.basked07@hotmail.com', 'M', 'Sudah', 'Kemanggisan', 7, 43, '2013/09/01', 'cis', 'Desktop'),
(516, 'BL-516', '1701346692', 'Gradiyanto Rendragraha', '081212251542', 'gradiyagraha@yahoo.com', 'L', 'Sudah', 'Kemanggisan', 7, 43, '2013/09/01', 'bncc1', 'Desktop'),
(517, 'BL-517', '1701356932', 'Ronny', '089666774113', 'ronny1709@ymail.com', 'M', 'Belum', 'Kemanggisan', 8, 46, '2013/09/01', 'bncc2', 'Desktop'),
(518, 'BL-518', '1701316771', 'Willy wijaya', '085265519217', 'willywijaya2995@gmail.com', 'L', 'Sudah', 'Kemanggisan', 0, 16, '2013/09/01', 'cis2', 'Desktop'),
(519, 'BL-519', '1701312640', 'elsen juwanto', '085317888928', 'Elsen_juwanto23@yahoo.com', 'L', 'Sudah', 'Kemanggisan', 7, 43, '2013/09/01', 'cis', 'Desktop'),
(520, 'BL-520', '1701312110', 'Muhammad iqbal', '08972270900', 'iqbal_bae@ovi.com', 'XL', 'Sudah', 'Kemanggisan', 8, 46, '2013/09/01', 'bncc1', 'Desktop'),
(521, 'BL-521', '1701313643', 'Ivan Indrawan', '082371789195', 'ivanindraan40@yahoo.com', 'M', 'Belum', 'Kemanggisan', 0, 16, '2013/09/01', 'bncc2', 'Desktop'),
(522, 'BL-522', '1701353621', 'Ryan Adam Prameswara', '087782066708', 'ryanap94@yahoo.com', 'XL', 'Sudah', 'Kemanggisan', 0, 16, '2013/09/01', 'cis2', 'Desktop'),
(523, 'BL-523', '1701317654', 'Hidayat Hendra Kusuma', '085668973535', 'boyz_zz65@yahoo.com', 'M', 'Sudah', 'Kemanggisan', 7, 43, '2013/09/01', 'bncc1', 'Desktop'),
(524, 'BL-524', '1701308473', 'Leo Saputra Jaya', '087896474481', 'Leo_Saputra41@yahoo.com', 'L', 'Sudah', 'Kemanggisan', 7, 43, '2013/09/01', 'cis', 'Desktop'),
(525, 'BL-525', '1701291251', 'David Sebastian', '087881497471', 'davidsahir@ymail.com', 'S', 'Sudah', 'Kemanggisan', 8, 46, '2013/09/01', 'cis2', 'Desktop'),
(526, 'BL-526', '1701357746', 'Ego', '081995521452', 'gho_van@yahoo.com', 'M', 'Sudah', 'Kemanggisan', 8, 46, '2013/09/01', 'bncc2', 'Desktop'),
(527, 'BL-527', '1701354971', 'taufik hidayat', '087748906897', 'sluxxzer@yahoo.com', 'S', 'Sudah', 'Kemanggisan', 8, 46, '2013/09/01', 'bncc1', 'Desktop'),
(528, 'BL-528', '1701331684', 'fredy', '087868453483', 'Leakerfredy@gmail.com', 'M', 'Sudah', 'Kemanggisan', 0, 16, '2013/09/01', 'cis', 'Desktop'),
(529, 'BL-529', '1701316020', 'Toni', '083197691539', 'colzy_boyz@hotmail.com', 'M', 'Sudah', 'Kemanggisan', 8, 46, '2013/09/01', 'cis2', 'Desktop'),
(530, 'BL-530', '1701352985', 'Davin', '08972959488', 'davin_becks7@yahoo.com', 'M', 'Sudah', 'Kemanggisan', 7, 43, '2013/09/01', 'bncc2', 'Desktop'),
(531, 'BL-531', '1701309652', 'Erwin', '085763896374', 'staffz95@gmail.com', 'M', 'Sudah', 'Kemanggisan', 8, 46, '2013/09/01', 'cis', 'Desktop'),
(532, 'BL-532', '1701309646', 'Yufendy', '085762708090', 'yumong07@yahoo.com', 'M', 'Sudah', 'Kemanggisan', 8, 46, '2013/09/01', 'cis2', 'Desktop'),
(533, 'BL-533', '1701306152', 'Michael Stefan', '083870006444', 'michaelstefan95@gmail.com', 'S', 'Sudah', 'Kemanggisan', 7, 43, '2013/09/01', 'bncc1', 'Desktop'),
(534, 'BL-534', '1701308574', 'Noviandy Andyan', '081929757879', 'andysreff@yahoo.com', 'M', 'Sudah', 'Kemanggisan', 8, 46, '2013/09/01', 'cis2', 'Desktop'),
(535, 'BL-535', '1701314841', 'Rickhy Artha Octaviyana', '085750005135', 'rvyn.tactical@gmail.com', 'L', 'Sudah', 'Kemanggisan', 8, 46, '2013/09/01', 'cis', 'Desktop'),
(536, 'BL-536', '1701309500', 'Go Michael Christandi', '085641307070', 'michaelchrist1312@yahoo.com', 'M', 'Sudah', 'Kemanggisan', 0, 16, '2013/09/01', 'bncc2', 'Desktop'),
(537, 'BL-537', '1701309463', 'Hizkia Prana Lemuel', '085701542244', 'hizkiaprana@yahoo.com', 'L', 'Sudah', 'Kemanggisan', 8, 46, '2013/09/01', 'bncc1', 'Desktop'),
(538, 'BL-538', '1701312325', 'Rizky Pahlevi', '081805433979', 'rizkypahlevi@ymail.com', 'L', 'Sudah', 'Kemanggisan', 8, 46, '2013/09/01', 'cis', 'Desktop'),
(539, 'BL-539', '1701360665', 'Fransiska Indah R.', '081242823123', 'fr4nbear@live.com', 'M', 'Sudah', 'Kemanggisan', 0, 16, '2013/09/01', 'cis2', 'Desktop'),
(540, 'BL-540', '1701313523', 'yovita teja', '081927931888', 'yovitateja@ymail.com', 'M', 'Sudah', 'Kemanggisan', 8, 46, '2013/09/01', 'bncc1', 'Desktop'),
(541, 'BL-541', '1701309740', 'Jessica Setyani Wiwoho', '08985416416', 'jessicasetyani@gmail.com', 'S', 'Sudah', 'Kemanggisan', 8, 46, '2013/09/01', 'bncc2', 'Desktop'),
(542, 'BL-542', '1701333696', 'Ghina nurvita sari', '081272643733', 'ghinanurvita@gmail.com', 'L', 'Sudah', 'Kemanggisan', 8, 46, '2013/09/01', 'cis2', 'Desktop'),
(543, 'BL-543', '1701310313', 'florensia', '081373052429', 'alenth_florence@yahoo.com', 'M', 'Sudah', 'Kemanggisan', 8, 46, '2013/09/01', 'cis', 'Desktop'),
(544, 'BL-544', '17013151030', 'Bayu Kresno Prasetyo', '089693900542', 'hizackz.25@gmail.com', 'M', 'Sudah', 'Kemanggisan', 0, 16, '2013/09/01', 'bncc1', 'Desktop'),
(545, 'BL-545', '1701322282', 'Ananda Aulia', '081294064015', 'anandau04@yahoo.com', 'S', 'Sudah', 'Kemanggisan', 8, 46, '2013/09/01', 'cis2', 'Desktop'),
(546, 'BL-546', '1701314444', 'Jonathan Gozali', '081278355540', 'jonathango765@gmail.com', 'M', 'Sudah', 'Kemanggisan', 8, 46, '2013/09/01', 'bncc2', 'Desktop'),
(547, 'BL-547', '1701356352', 'stephen', '087768600951', 'phen_888@yahoo.com', 'XL', 'Sudah', 'Kemanggisan', 0, 16, '2013/09/01', 'cis', 'Desktop'),
(548, 'BL-548', '1701351534', 'Wilson', '083199192400', 'wilsonkss@hotmail.com', 'L', 'Sudah', 'Kemanggisan', 0, 16, '2013/09/01', 'cis2', 'Desktop'),
(549, 'BL-549', '1701316090', 'hastomo', '08991858253', 'chandra.hastomo@yahoo.com', 'M', 'Sudah', 'Kemanggisan', 7, 43, '2013/09/01', 'bncc1', 'Desktop'),
(550, 'BL-550', '1701309551', 'kenas dermawan', '089688900727', 'kenas.dermawan@gmail.com', 'L', 'Sudah', 'Kemanggisan', 8, 46, '2013/09/01', 'bncc2', 'Desktop'),
(551, 'BL-551', '1701329194', 'HARTANTO WINTON', '085393914189', 'hartanto.winton@yahoo.com', 'L', 'Sudah', 'Kemanggisan', 0, 16, '2013/09/01', 'cis', 'Desktop'),
(552, 'BL-552', '1701309002', 'aldi renaldo putra', '087896411151', 'aldi_reinaldo@yahoo.com', 'XL', 'Sudah', 'Kemanggisan', 8, 46, '2013/09/01', 'cis2', 'Desktop'),
(553, 'BL-553', '1701299626', 'Adrian Pratama Putra', '081315675208', 'fluvia.shu@gmail.com', 'XL', 'Sudah', 'Kemanggisan', 0, 16, '2013/09/01', 'bncc1', 'Desktop'),
(554, 'BL-554', '1701309091', 'david bunardi', '083893331371', 'david_bunardi@yahoo.co.id', 'M', 'Sudah', 'Kemanggisan', 7, 43, '2013/09/01', 'cis', 'Desktop'),
(555, 'BL-555', '1701336483', 'willsen', '085669895950', 'willsen15@ymail.com', 'L', 'Sudah', 'Kemanggisan', 7, 43, '2013/09/01', 'cis2', 'Desktop'),
(556, 'BL-556', '1701331482', 'Adrian Hartanto', '085725504001', 'adrianhartz24@gmail.com', 'XL', 'Belum', 'Kemanggisan', 0, 16, '2013/09/01', 'bncc2', 'Desktop'),
(557, 'BL-557', '1701338955', 'erni fitriana', '085811994201', 'ernifitriana94@yahoo.com', 'S', 'Sudah', 'Kemanggisan', 8, 46, '2013/09/01', 'cis', 'Desktop'),
(558, 'BL-558', '1701315094', 'Sinthia Junita', '08565061071', 'nunathia@yahoo.com', 'L', 'Sudah', 'Kemanggisan', 8, 46, '2013/09/01', 'cis2', 'Desktop'),
(559, 'BL-559', '1701315844', 'Alvin Limbart', '085340007820', 'alvin_alexander95@yahoo.com', 'M', 'Sudah', 'Kemanggisan', 0, 16, '2013/09/01', 'bncc1', 'Desktop'),
(560, 'BL-560', '1701331072', 'Fredy prayogo', '085379141335', 'fredyprayogo8@gmail.com', 'XL', 'Sudah', 'Kemanggisan', 0, 16, '2013/09/01', 'bncc2', 'Desktop'),
(561, 'BL-561', '1701309923', 'Albert Richard', '087832038601', 'albertrichard.alrisa@live.com', 'XL', 'Sudah', 'Kemanggisan', 0, 16, '2013/09/01', 'cis', 'Desktop'),
(562, 'BL-562', '1701316191', 'Arilla Nurmoslim', '085342049120', 'arielnurmuslim@gmail.com', 'L', 'Sudah', 'Kemanggisan', 7, 43, '2013/09/01', 'cis2', 'Desktop'),
(563, 'BL-563', '1701348211', 'Jhony Chandra', '085351207028', 'jhonychandrahb@yahoo.com', 'M', 'Sudah', 'Kemanggisan', 7, 43, '2013/09/01', 'bncc2', 'Desktop'),
(564, 'BL-564', '1701319306', 'Andreas Djuwaidi', '087717197000', 'mbengkorteks@yahoo.com', 'S', 'Sudah', 'Kemanggisan', 7, 43, '2013/09/01', 'bncc1', 'Desktop'),
(565, 'BL-565', '1701329175', 'Loris Tujiba', '085654002075', 'pisceslrz@gmail.com', 'S', 'Sudah', 'Kemanggisan', 0, 16, '2013/09/01', 'cis', 'Desktop'),
(566, 'BL-566', '1701317175', 'andres wijaya', '087886546249', 'andreswijaya89@yahoo.com', 'L', 'Sudah', 'Kemanggisan', 8, 46, '2013/09/01', 'cis2', 'Desktop'),
(567, 'BL-567', '1701312275', 'Muhammad Rivaldi Saputra Olii', '085796215064', 'cboy59@yahoo.co.id', 'M', 'Sudah', 'Kemanggisan', 7, 43, '2013/09/01', 'bncc1', 'Desktop'),
(568, 'BL-568', '1701324615', 'Aulia Salsabila', '081288452924', 'b.auliasalsa@yahoo.com', 'S', 'Sudah', 'Kemanggisan', 0, 16, '2013/09/01', 'cis', 'Desktop'),
(732, 'BL-732', '17013136424', 'Billy Ardiwan', '08997140848', 'billyardiwan@rocketmai.com', 'S', 'Sudah', 'Kemanggisan', 0, 16, '2013/09/01', 'cis2', 'Desktop'),
(569, 'BL-569', '1701309192', 'Ivan sumampou', '087851291218', 'navicannon@gmail.com', 'M', 'Sudah', 'Kemanggisan', 7, 43, '2013/09/01', 'bncc2', 'Desktop'),
(570, 'BL-570', '1701317124', 'Wilson', '083185610888', 'wilsonyonk@gmail.com', 'M', 'Sudah', 'Kemanggisan', 1, 1, '2013/09/01', 'bncc2', 'Desktop'),
(571, 'BL-571', '1701338066', 'INDRA', '085332772288', 'imaximilliant@gmail.com', 'XL', 'Sudah', 'Kemanggisan', 7, 43, '2013/09/01', 'cis2', 'Desktop'),
(572, 'BL-572', '1701356775', 'Stefani', '085822554113', 'stefanicai15@yahoo.co.id', 'S', 'Sudah', 'Kemanggisan', 8, 46, '2013/09/01', 'bncc1', 'Desktop'),
(573, 'BL-573', '1701329805', 'vincentius francis putra', '085720202027', 'vincefrancis279@hotmail.com', 'M', 'Sudah', 'Kemanggisan', 0, 16, '2013/09/01', 'cis', 'Desktop'),
(574, 'BL-574', '1701332661', 'Marlon', '081356834753', 'mpontomudis@hotmail.com', 'M', 'Sudah', 'Kemanggisan', 0, 16, '2013/09/01', 'bncc2', 'Desktop'),
(575, 'BL-575', '1701343873', 'Ricky', '087818294241', 'rickywen.00@gmail.com', 'L', 'Sudah', 'Kemanggisan', 8, 46, '2013/09/01', 'cis2', 'Desktop'),
(576, 'BL-576', '1701320945', 'Aditya Cahyadi', '085298710575', 'adi_cahyadi1996@hotmail.com', 'M', 'Sudah', 'Kemanggisan', 0, 16, '2013/09/01', 'bncc1', 'Desktop'),
(577, 'BL-577', '1701328393', 'mohammad ibnu syahroni', '081282020819', 'ibnusyahroni@yahoo.co.id', 'XL', 'Sudah', 'Kemanggisan', 0, 16, '2013/09/01', 'cis', 'Desktop'),
(578, 'BL-578', '1701321916', 'kent mahendra L P', '081315114805', 'yogabagas@ymail.com', 'XXL', 'Sudah', 'Kemanggisan', 8, 46, '2013/09/01', 'cis2', 'Desktop'),
(579, 'BL-579', '1701329862', 'naufal rizaldi', '083824955597', 'sidfal0@gmail.com', 'M', 'Sudah', 'Kemanggisan', 7, 43, '2013/09/01', 'bncc2', 'Desktop'),
(580, 'BL-580', '1701338633', 'Rudi Hermawan', '087789002412', 'rudihermawan262@ymail.com', 'M', 'Sudah', 'Kemanggisan', 7, 43, '2013/09/01', 'bncc1', 'Desktop'),
(581, 'BL-581', '1701317004', 'Adhy Prawinata', '082390039245', 'p4b533x@gmail.com', 'M', 'Sudah', 'Kemanggisan', 7, 43, '2013/09/01', 'cis', 'Desktop'),
(582, 'BL-582', '1701332011', 'Tri Rahmad Rianto', '085664488967', 'trirahmadrianto@ymail.com', 'L', 'Sudah', 'Kemanggisan', 7, 43, '2013/09/01', 'cis2', 'Desktop'),
(583, 'BL-583', '1701343910', 'Muhammad Hafiz', '089694022525', 'hafiz_arazak@gmail.com', 'L', 'Sudah', 'Kemanggisan', 8, 46, '2013/09/01', 'bncc2', 'Desktop'),
(584, 'BL-584', '1701360633', 'Robin', '081291900427', 'robinboys@hotmail.com', 'L', 'Sudah', 'Kemanggisan', 7, 43, '2013/09/01', 'cis', 'Desktop'),
(585, 'BL-585', '1701309734', 'Erick Marchelino Suyanto', '081919813232', '17march.erc@gmail.com', 'L', 'Sudah', 'Kemanggisan', 0, 16, '2013/09/01', 'cis2', 'Desktop'),
(586, 'BL-586', '1701356440', 'Yossy Pratama Yamin', '082157806839', 'yossy.dragon99@gmail.com', 'L', 'Sudah', 'Kemanggisan', 7, 43, '2013/09/01', 'bncc1', 'Desktop'),
(587, 'BL-587', '17001333935', 'setyo adi nugroho ', '085741404928', 'nugrohoadie@hotmail.com', 'M', 'Sudah', 'Kemanggisan', 8, 46, '2013/09/01', 'bncc2', 'Desktop'),
(588, 'BL-588', '1701309513', 'Tommy Hendrawan', '085726343905', 'thendrawan25@yahoo.com', 'L', 'Sudah', 'Kemanggisan', 7, 43, '2013/09/01', 'cis', 'Desktop'),
(589, 'BL-589', '1701330920', 'Handy Putra Wijaya', '081363403889', 'handync8989@gmail.com', 'M', 'Sudah', 'Kemanggisan', 8, 46, '2013/09/01', 'cis2', 'Desktop'),
(590, 'BL-590', '1701331564', 'Marcello Jubintoro', '085255844811', 'life_qhelo@yahoo.co.id', 'M', 'Sudah', 'Kemanggisan', 0, 16, '2013/09/01', 'bncc1', 'Desktop'),
(591, 'BL-591', '1701331702', 'Kenny Sahputera', '085276053973', 'EliteSx2@ymail.com', 'M', 'Sudah', 'Kemanggisan', 0, 16, '2013/09/01', 'cis', 'Desktop'),
(592, 'BL-592', '1701329546', 'Kenly Kurniali', '085789700085', 'kenlykurniali@yahoo.co.id', 'L', 'Sudah', 'Kemanggisan', 8, 46, '2013/09/01', 'cis2', 'Desktop'),
(593, 'BL-593', '1701334080', 'bagus imam astungkara', '085694341438', 'bagusimamastungkara@gmail.com', 'M', 'Sudah', 'Kemanggisan', 0, 16, '2013/09/01', 'bncc2', 'Desktop'),
(594, 'BL-594', '1701331210', 'eky putra faluthia', '081359307222', 'ekyeky@live.com', 'XXL', 'Sudah', 'Kemanggisan', 8, 46, '2013/09/01', 'bncc1', 'Desktop'),
(595, 'BL-595', '1701331141', 'muhammad imdaad zakaria', '085246705425', 'imdaad.zakaria@gmail.com', 'XL', 'Sudah', 'Kemanggisan', 7, 43, '2013/09/01', 'cis', 'Desktop'),
(596, 'BL-596', '1701307464', 'tirtonni artanugraha', '08127173889', 'narutoni_toni@yahoo.com', 'L', 'Sudah', 'Kemanggisan', 7, 43, '2013/09/01', 'cis2', 'Desktop'),
(597, 'BL-597', '1701309072', 'William Kevin Jong', '083856723050', 'williamkevin11@yahoo.co.id', 'L', 'Sudah', 'Kemanggisan', 0, 16, '2013/09/01', 'bncc2', 'Desktop'),
(598, 'BL-598', '1701309040', 'Jeremy Candra', '087863943028', 'jeremyjc39@ymail.com', 'L', 'Sudah', 'Kemanggisan', 0, 16, '2013/09/01', 'bncc1', 'Desktop'),
(599, 'BL-599', '1701330896', 'Fincent', '081266234553', 'fincentanzil@yahoo.com', 'M', 'Sudah', 'Kemanggisan', 7, 43, '2013/09/01', 'cis2', 'Desktop'),
(600, 'BL-600', '1701351521', 'Jacky Rusly', '085761257643', 'rusly.jacky@gmail.com', 'XL', 'Sudah', 'Kemanggisan', 7, 43, '2013/09/01', 'bncc1', 'Desktop'),
(601, 'BL-601', '1701330990', 'MIkael Richard Tansil', '08974666059', 'ichad_ichad@ymail.com', 'L', 'Sudah', 'Kemanggisan', 7, 44, '2013/09/01', 'cis', 'Desktop'),
(602, 'BL-602', '1701351446', 'Tije Kusnadi', '087799025142', 'TJ_Rookies@yahoo.co.id', 'M', 'Sudah', 'Kemanggisan', 7, 43, '2013/09/01', 'bncc2', 'Desktop'),
(603, 'BL-603', '1701332781', 'Andi M. Muqsith A.', '087878882988', 'me.uccth@outlook.com', 'M', 'Sudah', 'Kemanggisan', 7, 43, '2013/09/01', 'cis', 'Desktop'),
(604, 'BL-604', '1701309753', 'Harryanto', '087883255788', 'lawliets@ymail.com', 'XL', 'Sudah', 'Kemanggisan', 0, 16, '2013/09/01', 'cis2', 'Desktop'),
(605, 'BL-605', '1701316752', 'Baladil Ilham Maiga', '082389098080', 'baladili@yahoo.co.id', 'M', 'Sudah', 'Kemanggisan', 7, 43, '2013/09/01', 'bncc1', 'Desktop'),
(606, 'BL-606', '1701327970', 'Daniel Muliawan', '085739113260', 'danschel08@yahoo.com', 'M', 'Sudah', 'Kemanggisan', 8, 46, '2013/09/01', 'bncc2', 'Desktop'),
(607, 'BL-607', '1701321752', 'elvira larisa', '081908000650', 'lv_ra.2210@hotmail.com', 'L', 'Sudah', 'Kemanggisan', 0, 16, '2013/09/01', 'cis', 'Desktop'),
(608, 'BL-608', '1701311045', 'Darwin Leonardi', '085959755475', 'darwin.leonardi@yahoo.com', 'M', 'Sudah', 'Kemanggisan', 8, 46, '2013/09/01', 'cis2', 'Desktop'),
(609, 'BL-609', '1701353243', 'Kharisma', '087876691865', 'kharisma.murti@yahoo.com', 'S', 'Sudah', 'Kemanggisan', 7, 43, '2013/09/01', 'bncc1', 'Desktop'),
(610, 'BL-610', '1701315674', 'alvin reinaldo', '082134270410', 'reinaldoalvin@rocketmail.com', 'L', 'Sudah', 'Kemanggisan', 0, 16, '2013/09/01', 'cis2', 'Desktop'),
(611, 'BL-611', '1701306461', 'yunda desilia', '087797176777', 'desilia95@gmail.com', 'S', 'Sudah', 'Kemanggisan', 8, 46, '2013/09/01', 'cis', 'Desktop'),
(612, 'BL-612', '1701314053', 'jessica casanova lim', '085664228446', 'jessicacasanovalim@yahoo.co.id', 'M', 'Sudah', 'Kemanggisan', 7, 43, '2013/09/01', 'bncc2', 'Desktop'),
(613, 'BL-613', '1701335013', 'Dwitrisno', '085780804407', 'd_trisno@rocketmail.com', 'L', 'Sudah', 'Kemanggisan', 8, 46, '2013/09/01', 'cis2', 'Desktop'),
(614, 'BL-614', '1701315743', 'arthur gilbert', '087846432288', 'arthur_wongka@yahoo.com', 'M', 'Sudah', 'Kemanggisan', 0, 16, '2013/09/01', 'cis', 'Desktop'),
(615, 'BL-615', '1701310723', 'Rayhan Abdur Rasyid', '082123844383', 'rayhanabdurrasyid@yahoo.co.id', 'L', 'Sudah', 'Kemanggisan', 8, 46, '2013/09/01', 'bncc1', 'Desktop'),
(616, 'BL-616', '1701351490', 'steven', '087768291994', 'ex_chienz2@yahoo.com', 'XL', 'Sudah', 'Kemanggisan', 8, 46, '2013/09/01', 'cis2', 'Desktop'),
(617, 'BL-617', '1701335884', 'Rizvian ritheli riundo sinaga', '085278085666', 'rizvian.sinaga@yahoo.com', 'M', 'Sudah', 'Kemanggisan', 0, 16, '2013/09/01', 'cis', 'Desktop'),
(618, 'BL-618', '1701350582', 'Malvis Perdana', '085249860116', 'malvis_bei@yahoo.com', 'L', 'Sudah', 'Kemanggisan', 8, 46, '2013/09/01', 'cis2', 'Desktop'),
(619, 'BL-619', '1701330984', 'Nicky Fandino', '087792241898', 'nickyfandino@yahoo.com', 'L', 'Sudah', 'Kemanggisan', 0, 16, '2013/09/01', 'bncc2', 'Desktop'),
(620, 'BL-620', '1701316273', 'Aldo Makmur', '087790780949', 'aldomakmur@gmail.com', 'L', 'Sudah', 'Kemanggisan', 0, 16, '2013/09/01', 'bncc1', 'Desktop'),
(621, 'BL-621', '1701337611', 'albert christian', '089601612308', 'albert_pang10@yahoo.com', 'M', 'Sudah', 'Kemanggisan', 8, 46, '2013/09/01', 'cis', 'Desktop'),
(622, 'BL-622', '1701355892', 'Edward Hashner Wijaya', '081368303131', 'h4shnerz@ymail.com', 'M', 'Sudah', 'Kemanggisan', 7, 43, '2013/09/01', 'cis', 'Desktop'),
(623, 'BL-623', '1701329761', 'vincent lee', '087878968289', 'tsulz45@yahoo.co.id', 'XL', 'Sudah', 'Kemanggisan', 0, 16, '2013/09/01', 'cis2', 'Desktop');
INSERT INTO `trbl` (`ID`, `NoTiket`, `NIM`, `Nama`, `NoHP`, `Email`, `UkuranBaju`, `DapatBaju`, `Kampus`, `JadwalID`, `RuangID`, `TanggalDaftar`, `Catat`, `Via`) VALUES
(624, 'BL-624', '1701351162', 'Alfredo Morgen Wiria', '087897255266', 'Alfredo7Romero@gmail.com', 'XL', 'Sudah', 'Kemanggisan', 7, 43, '2013/09/01', 'cis', 'Desktop'),
(625, 'BL-625', '1701317313', 'Chandra Giffary', '085248306260', 'm_giffa@yahoo.com', 'L', 'Sudah', 'Kemanggisan', 7, 43, '2013/09/01', 'bncc2', 'Desktop'),
(626, 'BL-626', '1701337946', 'dony gou viko', '081990913703', 'dgouviko@yahoo.co.id', 'L', 'Sudah', 'Kemanggisan', 8, 46, '2013/09/01', 'cis2', 'Desktop'),
(627, 'BL-627', '1701332610', 'HARRY HUTALIANG', '083197972038', 'harryoner@gmail.com', 'L', 'Sudah', 'Kemanggisan', 7, 43, '2013/09/01', 'cis', 'Desktop'),
(628, 'BL-628', '1701338116', 'febrianto yesaya guantoro', '08976155508', 'KazaRuga@yahoo.com', 'XL', 'Sudah', 'Kemanggisan', 8, 46, '2013/09/01', 'cis2', 'Desktop'),
(629, 'BL-629', '1701357714', 'mariza solissa', '081243481610', 'marisasolissa@rocketmail.com', 'S', 'Sudah', 'Kemanggisan', 8, 46, '2013/09/01', 'bncc1', 'Desktop'),
(630, 'BL-630', '1701346824', 'firly diananda', '087772617234', 'firly.diananda@yahoo.com', 'M', 'Sudah', 'Kemanggisan', 7, 43, '2013/09/01', 'cis', 'Desktop'),
(631, 'BL-631', '1701331753', 'Dicky Rawendy', '081345331081', 'dickyrawliet@ymail.com', 'L', 'Sudah', 'Kemanggisan', 8, 46, '2013/09/01', 'bncc2', 'Desktop'),
(632, 'BL-632', '1701358282', 'Muhammad Ridwan', '081399274247', 'Ridwan@ridwanmail.com', 'M', 'Sudah', 'Kemanggisan', 7, 43, '2013/09/01', 'cis2', 'Desktop'),
(633, 'BL-633', '1701319496', 'Vito Santoso Halim', '085728190077', 'vitosh@ymail.com', 'L', 'Sudah', 'Kemanggisan', 0, 16, '2013/09/01', 'bncc1', 'Desktop'),
(634, 'BL-634', '1701356655', 'yosua fernando ardiawan', '089601963326', 'yosua130395@gmail.com', 'L', 'Sudah', 'Kemanggisan', 8, 46, '2013/09/01', 'cis', 'Desktop'),
(635, 'BL-635', '1701332182', 'Eddy Susanto', '085356785300', 'yoko_evil@yahoo.com', 'XL', 'Sudah', 'Kemanggisan', 8, 46, '2013/09/01', 'bncc2', 'Desktop'),
(636, 'BL-636', '1701316834', 'M. Randy Raharja M', '085271856545', 'randyraharja46@gmail.com', 'M', 'Sudah', 'Kemanggisan', 7, 43, '2013/09/01', 'cis2', 'Desktop'),
(637, 'BL-637', '1701335972', 'Chrisantus Lebu Raya ', '085234729615', 'chrisantusleburaya@yahoo.com', 'M', 'Sudah', 'Kemanggisan', 8, 46, '2013/09/01', 'bncc1', 'Desktop'),
(638, 'BL-638', '1701312792', 'Sugeng Lungidto', '08172857888', 'percentaged@gmail.com', 'L', 'Sudah', 'Kemanggisan', 0, 16, '2013/09/01', 'cis2', 'Desktop'),
(639, 'BL-639', '1701356390', 'Sarah Miranti Alfani', '082310694776', 'alfani_sarah@hotmail.com', 'S', 'Sudah', 'Kemanggisan', 7, 43, '2013/09/01', 'cis', 'Desktop'),
(640, 'BL-640', '1701349946', 'Vanny Aulia Panggabean', '081228866717', 'vanny_alulia@yahoo.com', 'XL', 'Sudah', 'Kemanggisan', 7, 43, '2013/09/01', 'bncc1', 'Desktop'),
(641, 'BL-641', '1701353092', 'Siska melina putri', '087887653894', 'Siskamelinaputri@yahoo.com', 'L', 'Sudah', 'Kemanggisan', 7, 43, '2013/09/01', 'bncc2', 'Desktop'),
(642, 'BL-642', '1701316241', 'Cattera Yudha', '085725243836', 'showdownking_speed@yahoo.com', 'M', 'Sudah', 'Kemanggisan', 0, 16, '2013/09/01', 'cis2', 'Desktop'),
(643, 'BL-643', '1701312880', 'Agustinus Kevin Pongoh', '08988953953', 'kevinryu2@yahoo.co.id', 'L', 'Sudah', 'Kemanggisan', 0, 16, '2013/09/01', 'bncc1', 'Desktop'),
(644, 'BL-644', '1701357872', 'irfani eka julian prayoga', '085742971252', 'irfanieka@yahoo.co.id', 'M', 'Sudah', 'Kemanggisan', 8, 46, '2013/09/01', 'cis2', 'Desktop'),
(645, 'BL-645', '1701312722', 'habryanto', '081919275253', 'the_astrea95@yahoo.co.id', 'M', 'Sudah', 'Kemanggisan', 7, 43, '2013/09/01', 'bncc2', 'Desktop'),
(646, 'BL-646', '1701332200', 'Edwin Ch J Wardoyo', '087880532840', 'edwinwardoyo10@gmail.com', 'M', 'Sudah', 'Kemanggisan', 0, 16, '2013/09/01', 'cis', 'Desktop'),
(647, 'BL-647', '1701343860', 'ronald ichsan s', '085959922217', 'ronald.ichsans117@yahoo.com', 'M', 'Sudah', 'Kemanggisan', 8, 46, '2013/09/01', 'cis2', 'Desktop'),
(648, 'BL-648', '1701313990', 'Agus Salim', '081366408010', 'suv_asfly@yahoo.com', 'M', 'Sudah', 'Kemanggisan', 7, 44, '2013/09/01', 'bncc1', 'Desktop'),
(649, 'BL-649', '1701338816', 'Moh Sukron Mufaqih', '089687876860', 'mufaqih96@gmail.com', 'XL', 'Sudah', 'Kemanggisan', 7, 44, '2013/09/01', 'cis', 'Desktop'),
(650, 'BL-650', '1701345720', 'William Sapang Bandhaso', '085394640135', 'sundalakasundalaka@gmail.com', 'M', 'Sudah', 'Kemanggisan', 7, 44, '2013/09/01', 'cis2', 'Desktop'),
(651, 'BL-651', '1701333020', 'arvin febrian', '087791079225', 'meafy_lord28@yahoo.com', 'L', 'Sudah', 'Kemanggisan', 0, 16, '2013/09/01', 'cis', 'Desktop'),
(652, 'BL-652', '1701338091', 'Reinaldi Rahman', '089628656357', 'aldi_rahman15@yahoo.com', 'L', 'Sudah', 'Kemanggisan', 7, 43, '2013/09/01', 'bncc2', 'Desktop'),
(653, 'BL-653', '1701308561', 'Yuki Tjan', '081929766659', 'yukitjan.giok13@gmail.com', 'L', 'Sudah', 'Kemanggisan', 7, 44, '2013/09/01', 'bncc1', 'Desktop'),
(654, 'BL-654', '1701308486', 'linda permata chaindra', '081929704688', 'lindapermatachaindra@gmail.com', 'M', 'Sudah', 'Kemanggisan', 7, 44, '2013/09/01', 'cis2', 'Desktop'),
(655, 'BL-655', '1701308454', 'Ridho Robbyanto', '081929717798', 'dodo1402@yahoo.com', 'M', 'Sudah', 'Kemanggisan', 7, 44, '2013/09/01', 'cis', 'Desktop'),
(656, 'BL-656', '1701329181', 'Muhamad Arajan M.', '085821132082', 'muhammad_arajan@yahoo.com', 'L', 'Sudah', 'Kemanggisan', 7, 44, '2013/09/01', 'cis', 'Desktop'),
(657, 'BL-657', '1701315144', 'Ricky Haryanto Darmaji', '087881587997', 'ricky_haryanto18@yahoo.com', 'M', 'Sudah', 'Kemanggisan', 7, 44, '2013/09/01', 'cis2', 'Desktop'),
(658, 'BL-658', '1701300810', 'Ilma Arifiany', '081224642568', 'youareabsurd@yahoo.com', 'XL', 'Sudah', 'Kemanggisan', 8, 46, '2013/09/01', 'bncc2', 'Desktop'),
(659, 'BL-659', '1701355564', 'Justin', '082111084904', 'innosensius_just@ymail.com', 'S', 'Sudah', 'Kemanggisan', 7, 44, '2013/09/01', 'cis', 'Desktop'),
(660, 'BL-660', '1701328020', 'Jovan Geraldy', '081213594665', 'jovangeraldycandra@ymail.com', 'L', 'Sudah', 'Kemanggisan', 7, 44, '2013/09/01', 'bncc1', 'Desktop'),
(661, 'BL-661', '1701298586', 'Reza Aditya', '08561526069', 'rezaaditya@gmail.com', 'L', 'Sudah', 'Kemanggisan', 7, 44, '2013/09/01', 'cis2', 'Desktop'),
(662, 'BL-662', '1701313510', 'Novi Jingga', '081977149295', 'novishiru@yahoo.com', 'S', 'Sudah', 'Kemanggisan', 0, 16, '2013/09/01', 'bncc2', 'Desktop'),
(663, 'BL-663', '1701291775', 'Christina Natalia Tanuwijaya', '08989742071', 'christina_natalia@ymail.com', 'M', 'Sudah', 'Kemanggisan', 7, 44, '2013/09/01', 'cis', 'Desktop'),
(664, 'BL-664', '1701335272', 'Muthia nurpratiwi Eka Utami', '08561622028', 'muthianurpratiwi@yahoo.co.id', 'M', 'Sudah', 'Kemanggisan', 7, 44, '2013/09/01', 'cis2', 'Desktop'),
(665, 'BL-665', '1701333595', 'timoty donny irwanto', '087830304848', 'donz_thim@yahoo.com', 'M', 'Sudah', 'Kemanggisan', 0, 16, '2013/09/01', 'bncc1', 'Desktop'),
(666, 'BL-666', '1701306083', 'evan octviamen', '087766924914', 'evan.oct@gmail.com', 'S', 'Sudah', 'Kemanggisan', 0, 16, '2013/09/01', 'cis', 'Desktop'),
(667, 'BL-667', '1701342170', 'adrian irsyad', '081266272985', 'adrianirsyad30C@yahoo.com', 'M', 'Sudah', 'Kemanggisan', 0, 16, '2013/09/01', 'cis2', 'Desktop'),
(668, 'BL-668', '1701313946', 'Hansen', '089624719365', 'han_sen_95@yahoo.com', 'M', 'Sudah', 'Kemanggisan', 7, 44, '2013/09/01', 'bncc1', 'Desktop'),
(669, 'BL-669', '1701349435', 'putra christiyanto', '085315532432', 'craganata@yahoo.co.id', 'M', 'Belum', 'Kemanggisan', 0, 16, '2013/09/01', 'cis', 'Desktop'),
(670, 'BL-670', '1701333481', 'Ramadhan Nanda Winarto', '083831166366', 'synkrokaze@gmail.com', 'S', 'Sudah', 'Kemanggisan', 0, 16, '2013/09/01', 'bncc2', 'Desktop'),
(671, 'BL-671', '1701337025', 'Stefany Haryanti', '081325173720', 'stefanyharyanti@yahoo.com', 'S', 'Sudah', 'Kemanggisan', 7, 44, '2013/09/01', 'cis2', 'Desktop'),
(672, 'BL-672', '1701357790', 'gabriel kariani pilo', '085396885613', 'gebby.keren@gmail.com', 'M', 'Sudah', 'Kemanggisan', 0, 16, '2013/09/01', 'cis', 'Desktop'),
(673, 'BL-673', '1701351742', 'wardani', '081363662151', 'ani-wrdn95@rocketmail.com', 'S', 'Sudah', 'Kemanggisan', 7, 44, '2013/09/01', 'bncc1', 'Desktop'),
(674, 'BL-674', '1701329042', 'stefani lauri', '085654591617', 'stefanilaury@gmail.com', 'S', 'Sudah', 'Kemanggisan', 7, 44, '2013/09/01', 'cis2', 'Desktop'),
(675, 'BL-675', '1701309362', 'Shella Bellarosa', '081901999937', 'shelloy@rocketmail.com', 'M', 'Sudah', 'Kemanggisan', 0, 16, '2013/09/01', 'bncc2', 'Desktop'),
(676, 'BL-676', '1701331255', 'Andy Limantoro', '085249862888', 'andylimantoro@gmail.com', 'M', 'Sudah', 'Kemanggisan', 0, 16, '2013/09/01', 'cis2', 'Desktop'),
(677, 'BL-677', '1701321090', 'indera mahaputera', '08561828989', 'inderamahaputera@gmail.com', 'L', 'Sudah', 'Kemanggisan', 7, 44, '2013/09/01', 'cis', 'Desktop'),
(678, 'BL-678', '1701327541', 'faiz aghnial husna', '085782090437', 'faiz.aghnial@gmail.com', 'M', 'Sudah', 'Kemanggisan', 7, 44, '2013/09/01', 'cis2', 'Desktop'),
(679, 'BL-679', '1701358093', 'ahmad zainal afif', '085717795129', 'aafif3@gmail.com', 'M', 'Sudah', 'Kemanggisan', 0, 16, '2013/09/01', 'bncc2', 'Desktop'),
(680, 'BL-680', '1701328840', 'Christopher Jonathan', '082337700800', 'jonathan_cj94@yahoo.com', 'L', 'Sudah', 'Kemanggisan', 0, 16, '2013/09/01', 'bncc1', 'Desktop'),
(686, 'BL-686', '1701331766', 'kaslie', '082388196691', 'jinyi_lie@yahoo.com', 'L', 'Sudah', 'Kemanggisan', 8, 46, '2013/09/01', 'bncc2', 'Desktop'),
(681, 'BL-681', '1701331236', 'Michael ignatius', '081347491134', 'maikel_ignatius95@live.com', 'L', 'Sudah', 'Kemanggisan', 7, 44, '2013/09/01', 'cis2', 'Desktop'),
(682, 'BL-682', '1701316292', 'dicky almoedir pitra', '085376611445', 'dickyalmoedir19@yahoo.com', 'S', 'Sudah', 'Kemanggisan', 7, 44, '2013/09/01', 'bncc1', 'Desktop'),
(683, 'BL-683', '1701291005', 'muhammad amru akbar', '081218142281', 'amru.akbar@hotmail.com', 'L', 'Sudah', 'Kemanggisan', 7, 44, '2013/09/01', 'bncc2', 'Desktop'),
(684, 'BL-684', '1701317446', 'Dwi Nanto', '083183203921', 'dwinanto34@yahoo.com', 'M', 'Sudah', 'Kemanggisan', 7, 44, '2013/09/01', 'cis2', 'Desktop'),
(685, 'BL-685', '1701317370', 'david', '085765072138', 'david_hoho96@yahoo.co.id', 'M', 'Sudah', 'Kemanggisan', 7, 44, '2013/09/01', 'cis', 'Desktop'),
(687, 'BL-687', '1601279466', 'Nicholas Juanda', '089637538667', 'jraphaelkevin@yahoo.com', 'XL', 'Sudah', 'Kemanggisan', 7, 44, '2013/09/01', 'bncc2', 'Desktop'),
(688, 'BL-688', '1701290034', 'Ahmad Syifa Rahmatullah', '085652007703', 'ahmadsr17@gmail.com', 'S', 'Sudah', 'Kemanggisan', 7, 44, '2013/09/01', 'cis2', 'Desktop'),
(689, 'BL-689', '1701335676', 'Akhmad Rifani', '081351217000', 'aveileiism@gmail.com', 'XL', 'Sudah', 'Kemanggisan', 7, 44, '2013/09/01', 'cis2', 'Desktop'),
(690, 'BL-690', '1701315724', 'djody parerung', '082199793152', 'jodi.parerung@yahoo.com', 'M', 'Sudah', 'Kemanggisan', 7, 44, '2013/09/01', 'cis', 'Desktop'),
(691, 'BL-691', '1701331740', 'Ivan Kurniawan', '082180354777', 'ivan_clx@yahoo.co.id', 'L', 'Sudah', 'Kemanggisan', 7, 44, '2013/09/01', 'cis', 'Desktop'),
(692, 'BL-692', '1701334181', 'Octavio Kevin', '082179531995', 'oct.vinz@yahoo.com', 'M', 'Sudah', 'Kemanggisan', 7, 44, '2013/09/01', 'cis2', 'Desktop'),
(693, 'BL-693', '1701332421', 'steven', '082161524557', 'steve_my95@yahoo.com', 'M', 'Sudah', 'Kemanggisan', 7, 44, '2013/09/01', 'bncc1', 'Desktop'),
(694, 'BL-694', '1701331091', 'austin', '082187511995', 'austin_rifaldoo@yahoo.com', 'M', 'Sudah', 'Kemanggisan', 8, 46, '2013/09/01', 'bncc2', 'Desktop'),
(695, 'BL-695', '1701305830', 'willy kalivino sego', '085245896991', 'kalivinosego@yahoo.com', 'M', 'Sudah', 'Kemanggisan', 7, 44, '2013/09/01', 'cis2', 'Desktop'),
(696, 'BL-696', '1701319483', 'A''an Kunaifi', '091991577007', 'aankunaifi18@gmail.com', 'S', 'Sudah', 'Kemanggisan', 7, 44, '2013/09/01', 'bncc1', 'Desktop'),
(697, 'BL-697', '1701319470', 'Shandyka Febrian', '085668404685', 'eper1995@gmail.com', 'M', 'Sudah', 'Kemanggisan', 7, 44, '2013/09/01', 'cis2', 'Desktop'),
(698, 'BL-698', '1701317660', 'Veronica Ong', '085356996818', 'littlechibi.vero@gmail.com', 'M', 'Sudah', 'Kemanggisan', 8, 46, '2013/09/01', 'cis', 'Desktop'),
(699, 'BL-699', '1701317585', 'Suhartono', '089605502209', 'suhartonoyang@gmail.com', 'L', 'Sudah', 'Kemanggisan', 7, 44, '2013/09/01', 'bncc2', 'Desktop'),
(700, 'BL-700', '1701317603', 'Jeffry', '085765257887', 'rev4nt@gmail.com', 'M', 'Sudah', 'Kemanggisan', 7, 44, '2013/09/01', 'bncc2', 'Desktop'),
(701, 'BL-701', '1701313605', 'Andrianto', '085376449885', 'andri.anto210995@yahoo.co.id', 'M', 'Sudah', 'Kemanggisan', 7, 44, '2013/09/01', 'cis2', 'Desktop'),
(702, 'BL-702', '1701316986', 'Larasika Nadela', '081959733344', 'larasika.nadela@yahoo.com', 'M', 'Belum', 'Kemanggisan', 7, 44, '2013/09/01', 'cis', 'Desktop'),
(703, 'BL-703', '1701332125', 'William Putra', '081365085645', 'William_Putra@Ymail.com', 'M', 'Sudah', 'Kemanggisan', 7, 43, '2013/09/01', 'cis2', 'Desktop'),
(704, 'BL-704', '1701340575', 'm fachreza s', '082364866696', 'rezaputragnote10.1@gmail.com', 'M', 'Sudah', 'Kemanggisan', 8, 46, '2013/09/01', 'bncc1', 'Desktop'),
(705, 'BL-705', '1701334206', 'jamal ginanjar falah', '085768858917', 'jamal_ginanjar@yahoo.co.id', 'L', 'Sudah', 'Kemanggisan', 7, 44, '2013/09/01', 'cis', 'Desktop'),
(706, 'BL-706', '1701333922', 'Steven Surya Halim', '081392743999', 'stevenxavier0911@yahoo.com', 'M', 'Sudah', 'Kemanggisan', 0, 16, '2013/09/01', 'cis2', 'Desktop'),
(707, 'BL-707', '1701335915', 'cecilia arta', '087897721177', 'ceciliaarta@gmail.com', 'S', 'Sudah', 'Kemanggisan', 0, 16, '2013/09/01', 'bncc2', 'Desktop'),
(708, 'BL-708', '1701331652', 'Shinvanni Theodore', '08126203922', 'shinvanni_10@yahoo.com', 'M', 'Sudah', 'Kemanggisan', 0, 16, '2013/09/01', 'bncc1', 'Desktop'),
(709, 'BL-709', '1701334225', 'Elko Priatama', '08986397889', 'priatama.elko@gmail.com', 'M', 'Sudah', 'Kemanggisan', 7, 44, '2013/09/01', 'cis', 'Desktop'),
(710, 'BL-710', '1701339371', 'Tito Basten Lee', '085368677218', 'tito_basten_lee@rocketmail.com', 'M', 'Sudah', 'Kemanggisan', 7, 44, '2013/09/01', 'bncc1', 'Desktop'),
(711, 'BL-711', '1701314702', 'Sheren Shelyna', '085241207598', 'sherenshels@gmail.com', 'S', 'Sudah', 'Kemanggisan', 0, 16, '2013/09/01', 'bncc2', 'Desktop'),
(712, 'BL-712', '1701317950', 'Robert Sudirman', '085740590158', 'robert_sudirman@yahoo.com', 'M', 'Sudah', 'Kemanggisan', 7, 44, '2013/09/01', 'cis', 'Desktop'),
(713, 'BL-713', '1701295792', 'Amalia Sharfina Sulwan', '085781112206', 'amalia_sharfina@ymail.com', 'S', 'Sudah', 'Kemanggisan', 7, 44, '2013/09/01', 'bncc1', 'Desktop'),
(714, 'BL-714', '1701336893', 'muhammad imam aulia aziz', '085781110237', 'azyshasdd@yahoo.com', 'XXL', 'Sudah', 'Kemanggisan', 7, 44, '2013/09/01', 'bncc1', 'Desktop'),
(715, 'BL-715', '1701347392', 'evin dwi arief maulana', '085695493083', 'namakuevin@yahoo.com', 'XXL', 'Sudah', 'Kemanggisan', 7, 44, '2013/09/01', 'bncc2', 'Desktop'),
(716, 'BL-716', '1701293925', 'Christine', '089652345918', 'tin_hat@ymail.com', 'M', 'Sudah', 'Kemanggisan', 8, 46, '2013/09/01', 'cis', 'Desktop'),
(717, 'BL-717', '1701297551', 'Janice Valencia', '085880801049', 'valencia_janice@yahoo.com', 'S', 'Sudah', 'Kemanggisan', 8, 46, '2013/09/01', 'cis', 'Desktop'),
(718, 'BL-718', '1701317761', 'owen prasetia suyatna', '089615336014', 'owen_suyatna@yahoo.com', 'XL', 'Sudah', 'Kemanggisan', 8, 46, '2013/09/01', 'cis', 'Desktop'),
(719, 'BL-719', '1601273935', 'Chavin Pradana', '081229955807', 'chavinpradana@gmail.com', 'XL', 'Sudah', 'Kemanggisan', 7, 44, '2013/09/01', 'cis', 'Desktop'),
(720, 'BL-720', '1701308605', 'Andri', '085664689956', 'andri_candra11@yahoo.com', 'XL', 'Sudah', 'Kemanggisan', 7, 44, '2013/09/01', 'bncc2', 'Desktop'),
(721, 'BL-721', '1701301523', 'Elfrida Fransisca', '089617706822', 'elfridafransisca@gmail.com', 'M', 'Sudah', 'Kemanggisan', 0, 16, '2013/09/01', 'cis', 'Desktop'),
(722, 'BL-722', '1701329061', 'renaldy', '087812100023', 'renald.vrianata@gmail.com', 'S', 'Sudah', 'Kemanggisan', 8, 46, '2013/09/01', 'bncc2', 'Desktop'),
(723, 'BL-723', '1701355665', 'Keith Harris K', '08175421605', 'keith.haris@yahoo.com', 'L', 'Sudah', 'Kemanggisan', 0, 16, '2013/09/01', 'cis', 'Desktop'),
(724, 'BL-724', '1701290715', 'diva rizky surya silananda', '085775230895', 'divalinux4@gmail.com', 'L', 'Sudah', 'Kemanggisan', 7, 44, '2013/09/01', 'bncc2', 'Desktop'),
(725, 'BL-725', '1701350273', 'Surya Tantowi', '097882924453', 'surya_tantowi@ymail.com', 'M', 'Sudah', 'Kemanggisan', 8, 46, '2013/09/01', 'cis', 'Desktop'),
(726, 'BL-726', '1701352240', 'fery utomo', '087749014484', 'utomo_cou_15@yahoo.com', 'S', 'Sudah', 'Kemanggisan', 8, 47, '2013/09/01', 'bncc2', 'Desktop'),
(727, 'BL-727', '1701335985', 'Muhamad anang rinaldi faizal', '087875334771', 'mr.brokenheart95@gmail.com', 'M', 'Sudah', 'Kemanggisan', 7, 44, '2013/09/01', 'bncc2', 'Desktop'),
(728, 'BL-728', '1701350065', 'Dinda Dewi Puspitasari', '085350000081', 'dindadewips@gmail.com', 'S', 'Sudah', 'Kemanggisan', 8, 47, '2013/09/01', 'bncc2', 'Desktop'),
(729, 'BL-729', '1701317723', 'Cin cin', '085765346565', 'spiritgirl18@gmail.com', 'S', 'Sudah', 'Kemanggisan', 8, 47, '2013/09/01', 'bncc2', 'Desktop'),
(730, 'BL-730', '1701297886', 'Rio Alberto K', '081317251530', 'rio_akg@yahoo.com', 'L', 'Sudah', 'Kemanggisan', 7, 44, '2013/09/01', 'cis', 'Desktop'),
(731, 'BL-731', '1701339900', 'Arif Mahendra', '087881514603', 'arif.mahendra@yahoo.com', 'S', 'Sudah', 'Kemanggisan', 7, 44, '2013/09/01', 'cis', 'Desktop'),
(733, 'BL-733', '1701317793', 'Jofri', '085668243773', 'jofri.lin@gmail.com', 'L', 'Sudah', 'Kemanggisan', 7, 44, '2013/09/01', 'cis2', 'Desktop'),
(734, 'BL-734', '17012344094', 'Andy Wijayanto', '082390926838', 'andiwijayanto@rocketmail.com', 'XL', 'Sudah', 'Kemanggisan', 7, 44, '2013/09/08', 'admin', 'Desktop'),
(735, 'BL-735', '1701353022', 'Alex Salim', '085317181411', 'melisa.salim01@yahoo.com', 'M', 'Sudah', 'Kemanggisan', 7, 44, '2013/09/08', 'admin', 'Desktop'),
(736, 'BL-736', '1701339314', 'Margaritha', '085775021557', 'xeristh@gmail.com', 'M', 'Sudah', 'Kemanggisan', 7, 44, '2013/09/08', 'admin', 'Desktop'),
(737, 'BL-737', '1701299582', 'Tito Subiakto', '085710520435', 'titos.subiakto@gmail.com', 'M', 'Sudah', 'Kemanggisan', 9, 44, '2013/09/08', 'admin', 'Desktop'),
(738, 'BL-738', '1701319445', 'Anugrah Adriel', '087733309885', 'anugrahadriel@gmail.com', 'M', 'Sudah', 'Kemanggisan', 9, 49, '2013/09/08', 'cis', 'Desktop'),
(739, 'BL-739', '1701361895', 'guntur budi kurniawan', '082111572848', 'gunturkurniawan411@yahoo.co.id', 'L', 'Sudah', 'Kemanggisan', 9, 49, '2013/09/08', 'bncc1', 'Desktop'),
(740, 'BL-740', '1701363383', 'Kevin Renata Tiansi', '085398260801', 'kevin.rt93@gmail.com', 'L', 'Sudah', 'Kemanggisan', 10, 51, '2013/09/08', 'cis', 'Desktop'),
(741, 'BL-741', '1701362670', 'Aditya Naufal Farhan', '083877752032', 'aditnf_nafar@hotmail.com', 'L', 'Sudah', 'Kemanggisan', 10, 51, '2013/09/08', 'bncc2', 'Desktop'),
(742, 'BL-742', '1701357310', 'Andika Prawira', '083873335632', 'FrostAmore@yahoo.com', 'L', 'Sudah', 'Kemanggisan', 10, 51, '2013/09/08', 'cis2', 'Desktop'),
(743, 'BL-743', '1701363370', 'Bagus Panji Syahputro', '085794000619', 'baguspanji@outlook.com', 'L', 'Sudah', 'Kemanggisan', 9, 49, '2013/09/08', 'cis2', 'Desktop'),
(744, 'BL-744', '1701358774', 'Ghani Aryawan', '082123348433', 'ghani.aryawan@gmail.com', 'M', 'Sudah', 'Kemanggisan', 9, 49, '2013/09/08', 'cis2', 'Desktop'),
(745, 'BL-745', '1701361762', 'Toto Badia Kaban', '087789035357', 'toto.badia@yahoo.co.id', 'L', 'Sudah', 'Kemanggisan', 10, 51, '2013/09/08', 'bncc1', 'Desktop'),
(746, 'BL-746', '1701360293', 'cikal fathu ramadan', '081212853864', 'cikals.10.95@gmail.com', 'M', 'Sudah', 'Kemanggisan', 9, 49, '2013/09/08', 'cis', 'Desktop'),
(747, 'BL-747', '1701362613', 'Yos Melvin Tanoto', '08974142883', 'yos_melvin@yahoo.co.id', 'L', 'Sudah', 'Kemanggisan', 10, 51, '2013/09/08', 'bncc2', 'Desktop'),
(748, 'BL-748', '1701359442', 'mahardhika kameshwara', '08115808943', 'dhikameshwara@yahoo.com', 'M', 'Sudah', 'Kemanggisan', 9, 49, '2013/09/08', 'cis', 'Desktop'),
(749, 'BL-749', '1701368535', 'Aditya Rachmansyah', '082262909055', 'aditya.rachmansyah@yahoo.com', 'XXL', 'Sudah', 'Kemanggisan', 9, 49, '2013/09/08', 'bncc1', 'Desktop'),
(750, 'BL-750', '1701362216', 'ferdinand', '08999316837', 'ferdinand.situmeang@yahoo.co.i', 'XL', 'Sudah', 'Kemanggisan', 9, 49, '2013/09/08', 'bncc2', 'Desktop'),
(751, 'BL-751', '1701363396', 'Nicholas Liong', '083898378081', 'nicholas.liong95@gmail.com', 'L', 'Sudah', 'Kemanggisan', 0, 16, '2013/09/08', 'cis2', 'Desktop'),
(752, 'BL-752', '1701352700', 'yusuf muhammad', '081298209995', 'yusufmmd@hotmail.com', 'XXL', 'Sudah', 'Kemanggisan', 9, 49, '2013/09/08', 'cis', 'Desktop'),
(753, 'BL-753', '1701361781', 'stephen cheysen', '081285323278', 'cheysens@yahoo.com', 'L', 'Sudah', 'Kemanggisan', 10, 51, '2013/09/08', 'bncc2', 'Desktop'),
(754, 'BL-754', '1701363194', 'dhany dwi putra', '085766061335', 'dwiputradhani@gmail.com', 'S', 'Sudah', 'Kemanggisan', 10, 51, '2013/09/08', 'cis2', 'Desktop'),
(755, 'BL-755', '1701368895', 'Yusak William', '089609881947', 'yusak_william@yahoo.com', 'XL', 'Sudah', 'Kemanggisan', 10, 51, '2013/09/08', 'cis', 'Desktop'),
(756, 'BL-756', '1701360255', 'Khairil Anwar', '085270711773', 'riel.ca1101@gmail.com', 'S', 'Sudah', 'Kemanggisan', 10, 51, '2013/09/08', 'cis2', 'Desktop'),
(757, 'BL-757', '1701360381', 'Herman', '083891950205', 'herman_juki@hotmail.com', 'M', 'Sudah', 'Kemanggisan', 9, 49, '2013/09/08', 'cis2', 'Desktop'),
(758, 'BL-758', '1701346881', 'Adam Ridwany', '081298259475', 'adam_lalong@yahoo.com', 'L', 'Sudah', 'Kemanggisan', 9, 49, '2013/09/08', 'bncc2', 'Desktop'),
(759, 'BL-759', '1701369046', 'Yusoff Milzam', '085710409300', 'yusovmilzam@gmail.com', 'M', 'Sudah', 'Kemanggisan', 9, 49, '2013/09/08', 'bncc1', 'Desktop'),
(760, 'BL-760', '1701360646', 'Aditya Arya Ramadhan', '081215105596', 'adityaaryaramadhan@yahoo.com', 'XL', 'Sudah', 'Kemanggisan', 10, 51, '2013/09/08', 'cis', 'Desktop'),
(761, 'BL-761', '1701362203', 'Aldyaz Gusti Nugroho', '08998305213', 'aldyaz14@gmail.com', 'M', 'Sudah', 'Kemanggisan', 9, 49, '2013/09/08', 'cis2', 'Desktop'),
(762, 'BL-762', '1701360362', 'Cindy Aurora', '087878803381', 'Cindyaurorasman2303@gmail.com', 'S', 'Sudah', 'Kemanggisan', 9, 49, '2013/09/08', 'cis2', 'Desktop'),
(763, 'BL-763', '1701358742', 'Adit Triyadi', '081808399383', 'adith_triyadi@yahoo.com', 'L', 'Sudah', 'Kemanggisan', 9, 49, '2013/09/08', 'cis', 'Desktop'),
(764, 'BL-764', '1701368466', 'vladimir zleinsky lay dias quintas', '082146552790', 'vladimirquintas@ymail.com', 'L', 'Sudah', 'Kemanggisan', 9, 49, '2013/09/08', 'cis2', 'Desktop'),
(765, 'BL-765', '1701362166', 'syahdan', '081282549407', 'asyahdan28@yahoo.com', 'M', 'Sudah', 'Kemanggisan', 10, 51, '2013/09/08', 'cis', 'Desktop'),
(766, 'BL-766', '1701365016', 'nova rianti.s', '082360146061', 'nova.rianti50@yahoo.com', 'M', 'Sudah', 'Kemanggisan', 9, 49, '2013/09/08', 'cis2', 'Desktop'),
(767, 'BL-767', '1701363805', 'irma febriani lumba', '085237969936', 'febbylumba868@yahoo.com', 'M', 'Sudah', 'Kemanggisan', 9, 49, '2013/09/08', 'bncc2', 'Desktop'),
(768, 'BL-768', '1701359285', 'Tegar Triemanudigdo', '085851499814', 'triemanudigdo@gmail.com', 'L', 'Sudah', 'Kemanggisan', 10, 51, '2013/09/08', 'bncc1', 'Desktop'),
(769, 'BL-769', '1701332554', 'wildys winata', '087890308609', 'wildyswinata@yahoo.com', 'S', 'Sudah', 'Kemanggisan', 9, 49, '2013/09/08', 'cis2', 'Desktop'),
(770, 'BL-770', '1701365003', 'Ryan Ananda Suhendar', '082368781516', 'sayya.ryan@yahoo.com', 'S', 'Sudah', 'Kemanggisan', 10, 51, '2013/09/08', 'cis', 'Desktop'),
(771, 'BL-771', '1701316582', 'elvi', '089671867576', 'elvi_lisan@yahoo.com', 'S', 'Sudah', 'Kemanggisan', 9, 49, '2013/09/08', 'cis', 'Desktop'),
(772, 'BL-772', '1701303926', 'Billy Septavio', '087888046300', 'billyseptavioo@gmail.com', 'L', 'Sudah', 'Kemanggisan', 9, 49, '2013/09/08', 'bncc1', 'Desktop'),
(773, 'BL-773', '1701368434', 'Peter', '081999915995', 'Bopetstars@yahoo.com', 'XXL', 'Sudah', 'Kemanggisan', 9, 49, '2013/09/08', 'cis2', 'Desktop'),
(774, 'BL-774', '1701363603', 'DHEO PRATAMA PUTRA', '085711008130', 'dheofox@yahoo.com', 'XL', 'Sudah', 'Kemanggisan', 9, 49, '2013/09/08', 'bncc2', 'Desktop'),
(775, 'BL-775', '1701368415', 'rubin hutomo', '083875862487', 'coldown94@yahoo.com', 'M', 'Sudah', 'Kemanggisan', 9, 49, '2013/09/08', 'cis', 'Desktop'),
(776, 'BL-776', '1701368926', 'Alfri Rakhmadi', '08567654189', 'alfri.rakh@gmail.com', 'L', 'Sudah', 'Kemanggisan', 9, 49, '2013/09/08', 'cis2', 'Desktop'),
(777, 'BL-777', '1701359392', 'Fajar Hasanudin', '085771399545', 'fhasan722@gmail.com', 'M', 'Sudah', 'Kemanggisan', 10, 51, '2013/09/08', 'bncc2', 'Desktop'),
(778, 'BL-778', '1701358723', 'IRWAN WIJAYA', '081367920972', 'iwijaya45@yahoo.co.id', 'XL', 'Sudah', 'Kemanggisan', 10, 51, '2013/09/08', 'cis2', 'Desktop'),
(779, 'BL-779', '1701337252', 'Novian Nugraha', '089637610586', 'novian22@gmail.com', 'XL', 'Sudah', 'Kemanggisan', 9, 49, '2013/09/08', 'cis2', 'Desktop'),
(780, 'BL-780', '1701313334', 'audi gustian', '085379626117', 'audi.gustian988@gmail.com', 'L', 'Sudah', 'Kemanggisan', 9, 49, '2013/09/08', 'cis', 'Desktop'),
(781, 'BL-781', '1701360210', 'Muhammad Firnando', '08561937706', 'firnando11six@gmail.com', 'M', 'Sudah', 'Kemanggisan', 0, 16, '2013/09/08', 'cis2', 'Desktop'),
(782, 'BL-782', '1701359625', 'Reyhan Diandri', '085890323844', 'rdiandri@gmail.com', 'L', 'Sudah', 'Kemanggisan', 10, 51, '2013/09/08', 'cis', 'Desktop'),
(783, 'BL-783', '1701324363', 'Johanes Christop Andreas', '083878352697', 'jochristop.andreas@gmail.com', 'XL', 'Sudah', 'Kemanggisan', 9, 49, '2013/09/08', 'bncc1', 'Desktop'),
(784, 'BL-784', '1701358704', 'Yogi Primaputra', '081381479558', 'yogi_only@hotmail.fr', 'XL', 'Sudah', 'Kemanggisan', 9, 49, '2013/09/08', 'cis2', 'Desktop'),
(785, 'BL-785', '1701363345', 'yogie eka cipta', '082388102345', 'yogieekacipta@yahoo.com', 'L', 'Sudah', 'Kemanggisan', 10, 51, '2013/09/08', 'cis', 'Desktop'),
(786, 'BL-786', '1701360596', 'kelvin', '0818888839', 'kelvinvalbrianly@gmail.com', 'M', 'Sudah', 'Kemanggisan', 9, 49, '2013/09/08', 'cis2', 'Desktop'),
(787, 'BL-787', '1701356283', 'nico riano', '087760823165', 'rianonico@yahoo.com', 'M', 'Sudah', 'Kemanggisan', 0, 16, '2013/09/08', 'cis', 'Desktop'),
(788, 'BL-788', '1701363276', 'Bil Biry Mohammad', '083891312560', 'bilbiry@yahoo.com', 'M', 'Sudah', 'Kemanggisan', 10, 51, '2013/09/08', 'cis2', 'Desktop'),
(789, 'BL-789', '1701368983', 'giannini chrisma eddy', '083873077838', 'giand_3105@yahoo.com', 'M', 'Sudah', 'Kemanggisan', 10, 51, '2013/09/08', 'bncc2', 'Desktop'),
(790, 'BL-790', '1701334300', 'Rayi Dwipanilih', '08571100710', 'rayiw0w@yahoo.com', 'S', 'Sudah', 'Kemanggisan', 0, 16, '2013/09/08', 'cis2', 'Desktop'),
(791, 'BL-791', '1701350632', 'vivien solafide', '08987932272', 'vivien.solafide@gmail.com', 'M', 'Sudah', 'Kemanggisan', 9, 49, '2013/09/08', 'cis2', 'Desktop'),
(792, 'BL-792', '1701361232', 'herix ely sanjaya', '087777157687', 'wenshin777@yahoo.com', 'M', 'Sudah', 'Kemanggisan', 10, 51, '2013/09/08', 'cis', 'Desktop'),
(793, 'BL-793', '1701364202', 'dicky', '081901359595', 'dickywang95@yahoo.com', 'L', 'Sudah', 'Kemanggisan', 9, 49, '2013/09/08', 'bncc1', 'Desktop'),
(794, 'BL-794', '1701363023', 'Gabriela Annisaa Balqis', '085280000196', 'say-it-gabe@hotmail.com', 'S', 'Sudah', 'Kemanggisan', 0, 16, '2013/09/08', 'cis', 'Desktop'),
(795, 'BL-795', '1701360772', 'Novridza Gangsar P', '085714394684', 'dipta.gangsar@gmail.com', 'S', 'Sudah', 'Kemanggisan', 9, 49, '2013/09/08', 'cis2', 'Desktop'),
(796, 'BL-796', '1701365022', 'vincent', '081212853617', 'glacial_stream@yahoo.co.id', 'XL', 'Sudah', 'Kemanggisan', 9, 49, '2013/09/08', 'cis2', 'Desktop'),
(797, 'BL-797', '1701368636', 'Youngky Prima Setya', '085355221246', 'youngkyprimasetya@yahoo.com', 'M', 'Sudah', 'Kemanggisan', 10, 51, '2013/09/08', 'cis2', 'Desktop'),
(798, 'BL-798', '1701362374', 'Doctha Vaz Rodrigues', '0812918984153', 'Doctha.rodrigues@yahoo.com', 'S', 'Sudah', 'Kemanggisan', 9, 49, '2013/09/08', 'cis2', 'Desktop'),
(799, 'BL-799', '1701363616', 'Bobby Aprilla Zahdan', '081294877510', 'bobbyaprilla@ymail.com', 'L', 'Sudah', 'Kemanggisan', 9, 49, '2013/09/08', 'cis', 'Desktop'),
(800, 'BL-800', '1701362784', 'muhamad yankka ramadhana', '081216457365', 'yanka_ramadhana@hotmail.com', 'L', 'Sudah', 'Kemanggisan', 0, 16, '2013/09/08', 'cis2', 'Desktop'),
(801, 'BL-801', '1701363093', 'yuliyanto', '083874588188', 'yulianto@gramediaprinting.com', 'XL', 'Sudah', 'Kemanggisan', 0, 16, '2013/09/08', 'cis', 'Desktop'),
(802, 'BL-802', '1701364985', 'Davin Ern Lukman', '087869486747', 'ilelelukman@gmail.com', 'S', 'Sudah', 'Kemanggisan', 0, 16, '2013/09/08', 'cis2', 'Desktop'),
(803, 'BL-803', '1701364940', 'Ricky Yudha Siahaan', '085372540208', 'yudha_rich@ymail.com', 'L', 'Sudah', 'Kemanggisan', 9, 49, '2013/09/08', 'cis', 'Desktop'),
(804, 'BL-804', '1701358963', 'mohammed saeed', '087882720148', 'ashmohed@live.com', 'L', 'Sudah', 'Kemanggisan', 9, 49, '2013/09/08', 'cis', 'Desktop'),
(805, 'BL-805', '1701359114', 'sintia wijaya', '089625542144', 'sintiawijaya53@yahoo.com', 'S', 'Sudah', 'Kemanggisan', 10, 51, '2013/09/08', 'cis2', 'Desktop'),
(806, 'BL-806', '1701340625', 'edbert', '08978185570', 'ed_brt@yahoo.com', 'XL', 'Sudah', 'Kemanggisan', 10, 51, '2013/09/08', 'bncc1', 'Desktop'),
(807, 'BL-807', '1701359745', 'Rizky Fauzan Nadianto', '087887016198', 'rizkyfauzanandianto@yahoo.com', 'L', 'Sudah', 'Kemanggisan', 9, 49, '2013/09/08', 'cis', 'Desktop'),
(808, 'BL-808', '1701361913', 'willyam riman r', '081210940252', 'willyam.1011@gmail.com', 'L', 'Sudah', 'Kemanggisan', 9, 49, '2013/09/08', 'cis', 'Desktop'),
(809, 'BL-809', '1701360690', 'Joshua arga putra ', '085252851065', 'joshua.arga@gmail.com', 'M', 'Sudah', 'Kemanggisan', 10, 51, '2013/09/08', 'cis', 'Desktop');

/*!40101 SET CHARACTER_SET_CLIENT=@OLD_CHARACTER_SET_CLIENT */;
/*!40101 SET CHARACTER_SET_RESULTS=@OLD_CHARACTER_SET_RESULTS */;
/*!40101 SET COLLATION_CONNECTION=@OLD_COLLATION_CONNECTION */;
